{
  "nodes": [
    {
      "type": "event",
      "name": "User Joins Server",
      "guid": "49ebbc23-2903-4f05-ab69-bc9ecb4f067e",
      "variables": {
        "user": "newuser"
      },
      "outputs": [
        {
          "label": "responses",
          "connections": [
            "dc685f58-637a-445c-8b1c-0fe7ed42fecb"
          ]
        }
      ],
      "x": 102,
      "y": 148,
      "perms": []
    },
    {
      "type": "event",
      "name": "Any Message",
      "guid": "49ebbc23-2903-4f05-ab69-bc9ecb4f8888",
      "variables": {
        "user": "msguser"
      },
      "outputs": [
        {
          "label": "responses",
          "connections": []
        }
      ],
      "x": 99,
      "y": 423,
      "perms": []
    },
    {
      "type": "event",
      "name": "User Kicked",
      "guid": "69ebbc23-2903-4f05-ab69-bc9ecb4f067e",
      "variables": {
        "user": "kickuser"
      },
      "outputs": [
        {
          "label": "responses",
          "connections": [
            "a01d3074-851f-4d43-b366-e98805557195"
          ]
        }
      ],
      "x": 99,
      "y": 688,
      "perms": []
    },
    {
      "type": "event",
      "name": "User Banned",
      "guid": "77ebbc23-2003-4f05-ab69-bc9ecb4f067e",
      "variables": {
        "user": "banuser"
      },
      "outputs": [
        {
          "label": "responses",
          "connections": [
            "d646e78d-fbf2-46fa-96a5-892aac3aeab8"
          ]
        }
      ],
      "x": 105,
      "y": 327,
      "perms": []
    },
    {
      "type": "event",
      "name": "Bot Initialization",
      "guid": "0101bc23-2003-4f05-ab69-bc9ecb4f067e",
      "variables": {},
      "outputs": [
        {
          "label": "responses",
          "connections": []
        }
      ],
      "x": 103,
      "y": 507,
      "perms": []
    },
    {
      "type": "response",
      "name": "log_kick",
      "guid": "a01d3074-851f-4d43-b366-e98805557195",
      "reactionFields": [],
      "embedfields": [],
      "outputs": [
        {
          "label": "next response",
          "connections": []
        }
      ],
      "inputs": [
        {
          "label": "trigger",
          "id": "69ebbc23-2903-4f05-ab69-bc9ecb4f067e"
        }
      ],
      "x": 331,
      "y": 706,
      "rtype": "Message",
      "rsubtype": "Send Embed",
      "formdata": [
        "${tempVars.kickuser.user.dmChannel}",
        "FF0505",
        "Kick",
        "",
        "MaximalGen",
        "",
        "",
        "You got kicked.... \n",
        "",
        "",
        "${tempVars.kickuser.displayName}",
        "BOOL_TRUE@@",
        "",
        "temp"
      ],
      "formnames": [
        "channelname",
        "color",
        "title",
        "url",
        "authorname",
        "authorimageurl",
        "authorlink",
        "description",
        "thumbnail",
        "image",
        "footer",
        "timestamp",
        "saveToVariable",
        "saveToVariableType"
      ]
    },
    {
      "type": "response",
      "name": "log_kick_1",
      "guid": "d646e78d-fbf2-46fa-96a5-892aac3aeab8",
      "reactionFields": [],
      "embedfields": [],
      "outputs": [
        {
          "label": "next response",
          "connections": []
        }
      ],
      "inputs": [
        {
          "label": "trigger",
          "id": "77ebbc23-2003-4f05-ab69-bc9ecb4f067e"
        }
      ],
      "x": 635,
      "y": 356,
      "rtype": "Message",
      "rsubtype": "Send Embed",
      "formdata": [
        "${tempVars.banuser.user.dmChannel}",
        "FF0505",
        "Ban",
        "",
        "MaximalGen",
        "",
        "",
        "You got banned.... You can add me as a friend to make a ban appeal: ${dbsVars.guild.owner}. \n",
        "",
        "",
        "${tempVars.banuser.displayName}",
        "BOOL_TRUE@@",
        "",
        "temp"
      ],
      "formnames": [
        "channelname",
        "color",
        "title",
        "url",
        "authorname",
        "authorimageurl",
        "authorlink",
        "description",
        "thumbnail",
        "image",
        "footer",
        "timestamp",
        "saveToVariable",
        "saveToVariableType"
      ]
    },
    {
      "type": "response",
      "name": "join-log",
      "guid": "dc685f58-637a-445c-8b1c-0fe7ed42fecb",
      "reactionFields": [],
      "embedfields": [],
      "outputs": [
        {
          "label": "next response",
          "connections": []
        }
      ],
      "inputs": [
        {
          "label": "trigger",
          "id": "49ebbc23-2903-4f05-ab69-bc9ecb4f067e"
        }
      ],
      "x": 340,
      "y": 124,
      "rtype": "Message",
      "rsubtype": "Send Embed",
      "formdata": [
        "829625512137588797",
        "9EFF03",
        "User joined",
        "",
        "MaximalBot",
        "",
        "",
        "User joined this server!",
        "",
        "",
        "MaximalBot",
        "BOOL_TRUE@@",
        "",
        "temp"
      ],
      "formnames": [
        "channelname",
        "color",
        "title",
        "url",
        "authorname",
        "authorimageurl",
        "authorlink",
        "description",
        "thumbnail",
        "image",
        "footer",
        "timestamp",
        "saveToVariable",
        "saveToVariableType"
      ]
    }
  ]
}