{
  "nodes": [
    {
      "type": "command",
      "name": "help",
      "guid": "7942fe4c-dffa-4146-8cab-d254b3d80d5d",
      "outputs": [
        {
          "label": "responses",
          "connections": [
            "f894d795-5480-4b35-96c0-1580e5c77893"
          ]
        }
      ],
      "x": 9603,
      "y": 200
    },
    {
      "type": "command",
      "name": "info",
      "guid": "2224944a-561a-4fa1-824b-2f31ea37c836",
      "outputs": [
        {
          "label": "responses",
          "connections": [
            "0f3a7e03-1cce-462a-9c1e-caabfa871590"
          ]
        }
      ],
      "x": 9229,
      "y": 287
    },
    {
      "type": "response",
      "name": "ping_answer",
      "guid": "b55a90e9-719a-4fa9-8fd0-feff2b3e8fe4",
      "reactionFields": [],
      "embedfields": [],
      "outputs": [
        {
          "label": "next response",
          "connections": []
        }
      ],
      "inputs": [
        {
          "label": "trigger",
          "id": "7aa575ef-ceae-4d72-b148-53e9f6a8e835"
        }
      ],
      "x": 9358,
      "y": 322,
      "rtype": "Message",
      "rsubtype": "Ping Message",
      "formdata": [
        "Pong, my ping is: $$ping$$"
      ],
      "formnames": [
        "pingMessage"
      ]
    },
    {
      "type": "command",
      "name": "ping",
      "guid": "7aa575ef-ceae-4d72-b148-53e9f6a8e835",
      "outputs": [
        {
          "label": "responses",
          "connections": [
            "628850fe-6901-435f-9cd2-faddc37d3932"
          ]
        }
      ],
      "x": 9492,
      "y": 88
    },
    {
      "type": "command",
      "name": "setup",
      "guid": "baa5156d-dfdc-4b6a-8dfe-e307927c6193",
      "outputs": [
        {
          "label": "responses",
          "connections": []
        }
      ],
      "x": -50,
      "y": -32
    },
    {
      "type": "response",
      "name": "setup log",
      "guid": "b4c9421c-ecd8-4486-ba68-3e669de4e077",
      "reactionFields": [],
      "embedfields": [],
      "outputs": [
        {
          "label": "next response",
          "connections": [
            "0509ed30-c1c7-4130-ab7c-da8f8ce0580f"
          ]
        }
      ],
      "inputs": [
        {
          "label": "trigger",
          "id": "33b08eee-a23f-4ba4-8ce8-e6fa29bc9b32"
        }
      ],
      "x": 25,
      "y": 33,
      "rtype": "Channel Action",
      "rsubtype": "Create Channel",
      "formdata": [
        "Log",
        "Setup",
        "Text",
        "",
        "temp"
      ],
      "formnames": [
        "channelname",
        "reason",
        "channeltype",
        "saveToVariable",
        "saveToVariableType"
      ]
    },
    {
      "type": "response",
      "name": "setup_completed",
      "guid": "02387543-d82f-4261-83c4-faf1fe8f4878",
      "reactionFields": [],
      "embedfields": [],
      "outputs": [
        {
          "label": "next response",
          "connections": []
        }
      ],
      "inputs": [
        {
          "label": "trigger",
          "id": "9befd71f-175f-4993-9962-871ec633aa2d"
        }
      ],
      "x": 77,
      "y": 14,
      "rtype": "Message",
      "rsubtype": "Send Message",
      "formdata": [
        "${dbsVars.CommandChannel.id}",
        "Setup Completed",
        "",
        "temp"
      ],
      "formnames": [
        "channelName",
        "messageText",
        "saveToVariable",
        "saveToVariableType"
      ]
    },
    {
      "type": "response",
      "name": "infos",
      "guid": "0509ed30-c1c7-4130-ab7c-da8f8ce0580f",
      "reactionFields": [],
      "embedfields": [],
      "outputs": [
        {
          "label": "next response",
          "connections": [
            "fe81782c-d984-4758-9329-7395e161b060"
          ]
        }
      ],
      "inputs": [
        {
          "label": "trigger",
          "id": "b4c9421c-ecd8-4486-ba68-3e669de4e077"
        }
      ],
      "x": 9,
      "y": -6,
      "rtype": "Channel Action",
      "rsubtype": "Create Channel",
      "formdata": [
        "infos",
        "setup",
        "Text",
        "",
        "temp"
      ],
      "formnames": [
        "channelname",
        "reason",
        "channeltype",
        "saveToVariable",
        "saveToVariableType"
      ]
    },
    {
      "type": "response",
      "name": "infos_1",
      "guid": "d56a9634-2915-4e4e-bb9d-e1ce474883ed",
      "reactionFields": [],
      "embedfields": [],
      "outputs": [
        {
          "label": "next response",
          "connections": [
            "5801eb0d-ff28-4cd4-86a1-e5ad26ba39d5"
          ]
        }
      ],
      "inputs": [
        {
          "label": "trigger",
          "id": "be3c6bcb-668a-4054-8178-4586c2688d63"
        }
      ],
      "x": 36,
      "y": -25,
      "rtype": "Channel Action",
      "rsubtype": "Create Channel",
      "formdata": [
        "rules",
        "setup",
        "Text",
        "",
        "temp"
      ],
      "formnames": [
        "channelname",
        "reason",
        "channeltype",
        "saveToVariable",
        "saveToVariableType"
      ]
    },
    {
      "type": "response",
      "name": "infos_2",
      "guid": "be3c6bcb-668a-4054-8178-4586c2688d63",
      "reactionFields": [],
      "embedfields": [],
      "outputs": [
        {
          "label": "next response",
          "connections": [
            "d56a9634-2915-4e4e-bb9d-e1ce474883ed"
          ]
        }
      ],
      "inputs": [
        {
          "label": "trigger",
          "id": "fe81782c-d984-4758-9329-7395e161b060"
        }
      ],
      "x": 46,
      "y": 46,
      "rtype": "Channel Action",
      "rsubtype": "Create Channel",
      "formdata": [
        "talk ",
        "setup",
        "Voice",
        "",
        "temp"
      ],
      "formnames": [
        "channelname",
        "reason",
        "channeltype",
        "saveToVariable",
        "saveToVariableType"
      ]
    },
    {
      "type": "response",
      "name": "infos_3",
      "guid": "fe81782c-d984-4758-9329-7395e161b060",
      "reactionFields": [],
      "embedfields": [],
      "outputs": [
        {
          "label": "next response",
          "connections": [
            "be3c6bcb-668a-4054-8178-4586c2688d63"
          ]
        }
      ],
      "inputs": [
        {
          "label": "trigger",
          "id": "0509ed30-c1c7-4130-ab7c-da8f8ce0580f"
        }
      ],
      "x": 26,
      "y": -25,
      "rtype": "Channel Action",
      "rsubtype": "Create Channel",
      "formdata": [
        "giveaway",
        "setup",
        "Text",
        "",
        "temp"
      ],
      "formnames": [
        "channelname",
        "reason",
        "channeltype",
        "saveToVariable",
        "saveToVariableType"
      ]
    },
    {
      "type": "response",
      "name": "setup_check",
      "guid": "33b08eee-a23f-4ba4-8ce8-e6fa29bc9b32",
      "reactionFields": [],
      "embedfields": [],
      "outputs": [
        {
          "label": "has perms",
          "connections": [
            "b4c9421c-ecd8-4486-ba68-3e669de4e077"
          ]
        },
        {
          "label": "doesn't have perms",
          "connections": [
            "ecc313a3-2241-4d8a-82c8-d951d7c48262"
          ]
        }
      ],
      "inputs": [
        {
          "label": "trigger",
          "id": "baa5156d-dfdc-4b6a-8dfe-e307927c6193"
        }
      ],
      "x": 48,
      "y": 35,
      "rtype": "User Action",
      "rsubtype": "Check User Permissions",
      "formdata": [
        "${dbsVars.CommandAuthor.id}",
        [
          "ADMINISTRATOR"
        ]
      ],
      "formnames": [
        "user",
        "permissions"
      ]
    },
    {
      "type": "response",
      "name": "roles setup",
      "guid": "5801eb0d-ff28-4cd4-86a1-e5ad26ba39d5",
      "reactionFields": [],
      "embedfields": [],
      "outputs": [
        {
          "label": "next response",
          "connections": [
            "87c272f7-25f9-46fa-8cbc-717582e30836"
          ]
        }
      ],
      "inputs": [
        {
          "label": "trigger",
          "id": "d56a9634-2915-4e4e-bb9d-e1ce474883ed"
        }
      ],
      "x": 26,
      "y": 23,
      "rtype": "Server Action",
      "rsubtype": "Add Role to Server",
      "formdata": [
        "Owner ",
        "FF0000",
        "1 ",
        "BOOL_TRUE@@",
        "false",
        "",
        "temp"
      ],
      "formnames": [
        "rolename",
        "color",
        "position",
        "hoist",
        "mentionable",
        "saveToVariable",
        "saveToVariableType"
      ]
    },
    {
      "type": "response",
      "name": "roles setup_1",
      "guid": "87c272f7-25f9-46fa-8cbc-717582e30836",
      "reactionFields": [],
      "embedfields": [],
      "outputs": [
        {
          "label": "next response",
          "connections": [
            "03523c64-4f63-489e-a1aa-67cc936d6be0"
          ]
        }
      ],
      "inputs": [
        {
          "label": "trigger",
          "id": "5801eb0d-ff28-4cd4-86a1-e5ad26ba39d5"
        }
      ],
      "x": 50,
      "y": 21,
      "rtype": "Server Action",
      "rsubtype": "Add Role to Server",
      "formdata": [
        "Supporter",
        "FFF200",
        "4",
        "BOOL_TRUE@@",
        "false",
        "",
        "temp"
      ],
      "formnames": [
        "rolename",
        "color",
        "position",
        "hoist",
        "mentionable",
        "saveToVariable",
        "saveToVariableType"
      ]
    },
    {
      "type": "response",
      "name": "roles setup_2",
      "guid": "03523c64-4f63-489e-a1aa-67cc936d6be0",
      "reactionFields": [],
      "embedfields": [],
      "outputs": [
        {
          "label": "next response",
          "connections": [
            "230331ce-f508-494d-8b2c-62bb79763bd6"
          ]
        }
      ],
      "inputs": [
        {
          "label": "trigger",
          "id": "87c272f7-25f9-46fa-8cbc-717582e30836"
        }
      ],
      "x": 11,
      "y": 4,
      "rtype": "Server Action",
      "rsubtype": "Add Role to Server",
      "formdata": [
        "CO-Owner ",
        "00FF51",
        "2",
        "BOOL_TRUE@@",
        "false",
        "",
        "temp"
      ],
      "formnames": [
        "rolename",
        "color",
        "position",
        "hoist",
        "mentionable",
        "saveToVariable",
        "saveToVariableType"
      ]
    },
    {
      "type": "response",
      "name": "roles setup_3",
      "guid": "230331ce-f508-494d-8b2c-62bb79763bd6",
      "reactionFields": [],
      "embedfields": [],
      "outputs": [
        {
          "label": "next response",
          "connections": [
            "9befd71f-175f-4993-9962-871ec633aa2d"
          ]
        }
      ],
      "inputs": [
        {
          "label": "trigger",
          "id": "03523c64-4f63-489e-a1aa-67cc936d6be0"
        }
      ],
      "x": -10,
      "y": -22,
      "rtype": "Server Action",
      "rsubtype": "Add Role to Server",
      "formdata": [
        "Member",
        "348C29",
        "5",
        "BOOL_TRUE@@",
        "false",
        "",
        "temp"
      ],
      "formnames": [
        "rolename",
        "color",
        "position",
        "hoist",
        "mentionable",
        "saveToVariable",
        "saveToVariableType"
      ]
    },
    {
      "type": "response",
      "name": "roles setup_4",
      "guid": "9befd71f-175f-4993-9962-871ec633aa2d",
      "reactionFields": [],
      "embedfields": [],
      "outputs": [
        {
          "label": "next response",
          "connections": [
            "02387543-d82f-4261-83c4-faf1fe8f4878"
          ]
        }
      ],
      "inputs": [
        {
          "label": "trigger",
          "id": "230331ce-f508-494d-8b2c-62bb79763bd6"
        }
      ],
      "x": 29,
      "y": 24,
      "rtype": "Server Action",
      "rsubtype": "Add Role to Server",
      "formdata": [
        "Admin",
        "2600FF",
        "3",
        "BOOL_TRUE@@",
        "false",
        "",
        "temp"
      ],
      "formnames": [
        "rolename",
        "color",
        "position",
        "hoist",
        "mentionable",
        "saveToVariable",
        "saveToVariableType"
      ]
    },
    {
      "type": "command",
      "name": "nuke",
      "guid": "8c4c2348-4d8b-4ba2-b74c-b7a24c0ed690",
      "outputs": [
        {
          "label": "responses",
          "connections": []
        }
      ],
      "x": 36,
      "y": 46
    },
    {
      "type": "response",
      "name": "nuke_checl",
      "guid": "5f34a256-f2ac-4d94-9d45-6977c9a44bdf",
      "reactionFields": [],
      "embedfields": [],
      "outputs": [
        {
          "label": "has perms",
          "connections": [
            "358795d7-6681-4171-a481-25d0e1726fa6"
          ]
        },
        {
          "label": "doesn't have perms",
          "connections": [
            "2b69ce47-c276-4ff5-be55-3737ba398928"
          ]
        }
      ],
      "inputs": [
        {
          "label": "trigger",
          "id": "8c4c2348-4d8b-4ba2-b74c-b7a24c0ed690"
        }
      ],
      "x": 42,
      "y": 60,
      "rtype": "User Action",
      "rsubtype": "Check User Permissions",
      "formdata": [
        "${dbsVars.CommandAuthor.id}",
        [
          "ADMINISTRATOR"
        ]
      ],
      "formnames": [
        "user",
        "permissions"
      ]
    },
    {
      "type": "response",
      "name": "show info_1",
      "guid": "2b69ce47-c276-4ff5-be55-3737ba398928",
      "reactionFields": [],
      "embedfields": [],
      "outputs": [
        {
          "label": "next response",
          "connections": []
        }
      ],
      "inputs": [
        {
          "label": "trigger",
          "id": "5f34a256-f2ac-4d94-9d45-6977c9a44bdf"
        }
      ],
      "x": 52,
      "y": 54,
      "rtype": "Message",
      "rsubtype": "Send Message",
      "formdata": [
        "${dbsVars.CommandChannel.id}",
        "Bro, why you try to use this command? I think i should ban you.....",
        "",
        "temp"
      ],
      "formnames": [
        "channelName",
        "messageText",
        "saveToVariable",
        "saveToVariableType"
      ]
    },
    {
      "type": "response",
      "name": "show info_1_1",
      "guid": "1add2c33-3c86-43a2-9672-c0c4a609fe24",
      "reactionFields": [],
      "embedfields": [],
      "outputs": [
        {
          "label": "next response",
          "connections": []
        }
      ],
      "inputs": [
        {
          "label": "trigger",
          "id": "2d1b29b3-87c6-4cff-a5bb-443699cd699b"
        }
      ],
      "x": -24,
      "y": 16,
      "rtype": "Message",
      "rsubtype": "Send Message",
      "formdata": [
        "${dbsVars.CommandAuthor.user.dmChannel}",
        "Nuke completed. I cant delete roles.... create a text channel and run m.setup to create all default channels.",
        "",
        "temp"
      ],
      "formnames": [
        "channelName",
        "messageText",
        "saveToVariable",
        "saveToVariableType"
      ]
    },
    {
      "type": "response",
      "name": "nuke_answer",
      "guid": "358795d7-6681-4171-a481-25d0e1726fa6",
      "reactionFields": [],
      "embedfields": [],
      "outputs": [
        {
          "label": "next response",
          "connections": [
            "2d1b29b3-87c6-4cff-a5bb-443699cd699b"
          ]
        }
      ],
      "inputs": [
        {
          "label": "trigger",
          "id": "5f34a256-f2ac-4d94-9d45-6977c9a44bdf"
        }
      ],
      "x": 57,
      "y": 43,
      "rtype": "Channel Action",
      "rsubtype": "Delete Channel",
      "formdata": [
        "${dbsVars.CommandChannel.id}",
        "nuke"
      ],
      "formnames": [
        "channelname",
        "reason"
      ]
    },
    {
      "type": "response",
      "name": "nuke_answer_4",
      "guid": "2d1b29b3-87c6-4cff-a5bb-443699cd699b",
      "reactionFields": [],
      "embedfields": [],
      "outputs": [
        {
          "label": "next response",
          "connections": [
            "1add2c33-3c86-43a2-9672-c0c4a609fe24"
          ]
        }
      ],
      "inputs": [
        {
          "label": "trigger",
          "id": "358795d7-6681-4171-a481-25d0e1726fa6"
        }
      ],
      "x": -12,
      "y": 81,
      "rtype": "Channel Action",
      "rsubtype": "Delete Channel",
      "formdata": [
        "${dbsVars.DefaultChannel.id}",
        "nuke"
      ],
      "formnames": [
        "channelname",
        "reason"
      ]
    },
    {
      "type": "command",
      "name": "setwelcome",
      "guid": "40c0575d-b1eb-4dc4-a242-d0b0c402040d",
      "outputs": [
        {
          "label": "responses",
          "connections": [
            "c15e11f0-2aee-4b03-b4df-3c48524e2187"
          ]
        }
      ],
      "x": 77,
      "y": 68
    },
    {
      "type": "response",
      "name": "welcome_check",
      "guid": "c15e11f0-2aee-4b03-b4df-3c48524e2187",
      "reactionFields": [],
      "embedfields": [],
      "outputs": [
        {
          "label": "has perms",
          "connections": [
            "d8d13234-f7c5-4504-ad92-6e216f9bdcfb"
          ]
        },
        {
          "label": "doesn't have perms",
          "connections": [
            "f0eff5bd-6a4d-4128-85d3-278bdf466cf1"
          ]
        }
      ],
      "inputs": [
        {
          "label": "trigger",
          "id": "40c0575d-b1eb-4dc4-a242-d0b0c402040d"
        }
      ],
      "x": 52,
      "y": -28,
      "rtype": "User Action",
      "rsubtype": "Check User Permissions",
      "formdata": [
        "${dbsVars.CommandAuthor.id}",
        [
          "ADMINISTRATOR"
        ]
      ],
      "formnames": [
        "user",
        "permissions"
      ]
    },
    {
      "type": "response",
      "name": "fial",
      "guid": "f0eff5bd-6a4d-4128-85d3-278bdf466cf1",
      "reactionFields": [],
      "embedfields": [],
      "outputs": [
        {
          "label": "next response",
          "connections": []
        }
      ],
      "inputs": [
        {
          "label": "trigger",
          "id": "c15e11f0-2aee-4b03-b4df-3c48524e2187"
        }
      ],
      "x": 28,
      "y": 41,
      "rtype": "Message",
      "rsubtype": "Send Message",
      "formdata": [
        "${dbsVars.CommandChannel.id}",
        "You need to have admin perms to use this command!",
        "",
        "temp"
      ],
      "formnames": [
        "channelName",
        "messageText",
        "saveToVariable",
        "saveToVariableType"
      ]
    },
    {
      "type": "response",
      "name": "welcome_var",
      "guid": "d8d13234-f7c5-4504-ad92-6e216f9bdcfb",
      "reactionFields": [],
      "embedfields": [],
      "saveToVariable": "welcomechannel",
      "saveToVariableType": "server",
      "outputs": [
        {
          "label": "next response",
          "connections": [
            "d2a160af-c65e-4a5e-8dd4-e7fb69454902"
          ]
        }
      ],
      "inputs": [
        {
          "label": "trigger",
          "id": "c15e11f0-2aee-4b03-b4df-3c48524e2187"
        }
      ],
      "x": 16,
      "y": -48,
      "rtype": "Variable",
      "rsubtype": "Store Value in Variable",
      "formdata": [
        "welcomechannel",
        "Text",
        "server",
        "1"
      ],
      "formnames": [
        "varname",
        "vartype",
        "saveVarType",
        "param"
      ]
    },
    {
      "type": "response",
      "name": "welcome_success",
      "guid": "d2a160af-c65e-4a5e-8dd4-e7fb69454902",
      "reactionFields": [],
      "embedfields": [],
      "outputs": [
        {
          "label": "next response",
          "connections": []
        }
      ],
      "inputs": [
        {
          "label": "trigger",
          "id": "d8d13234-f7c5-4504-ad92-6e216f9bdcfb"
        }
      ],
      "x": 44,
      "y": -39,
      "rtype": "Message",
      "rsubtype": "Send Message",
      "formdata": [
        "${dbsVars.CommandChannel.id}",
        "Successfully set the welcome channel to ${serverVars.welcomechannel}",
        "",
        "temp"
      ],
      "formnames": [
        "channelName",
        "messageText",
        "saveToVariable",
        "saveToVariableType"
      ]
    },
    {
      "type": "response",
      "name": "ban_check",
      "guid": "f8ac1451-ca83-4334-8d16-e576565bfe1f",
      "reactionFields": [],
      "embedfields": [],
      "outputs": [
        {
          "label": "has perms",
          "connections": [
            "e43b73c1-6967-4fbb-9bcb-2f2895a6b2fe"
          ]
        },
        {
          "label": "doesn't have perms",
          "connections": [
            "d874eccc-ba86-48ad-8ab6-89b175495c39"
          ]
        }
      ],
      "inputs": [
        {
          "label": "trigger",
          "id": "a249b8f9-a243-444b-abb1-d909262fbe5a"
        }
      ],
      "x": 22,
      "y": -39,
      "rtype": "User Action",
      "rsubtype": "Check User Permissions",
      "formdata": [
        "${dbsVars.CommandAuthor.id}",
        [
          "BAN_MEMBERS"
        ]
      ],
      "formnames": [
        "user",
        "permissions"
      ]
    },
    {
      "type": "response",
      "name": "ban_fail",
      "guid": "d874eccc-ba86-48ad-8ab6-89b175495c39",
      "reactionFields": [],
      "embedfields": [],
      "outputs": [
        {
          "label": "next response",
          "connections": []
        }
      ],
      "inputs": [
        {
          "label": "trigger",
          "id": "f8ac1451-ca83-4334-8d16-e576565bfe1f"
        }
      ],
      "x": 75,
      "y": 3,
      "rtype": "Message",
      "rsubtype": "Send Embed",
      "formdata": [
        "${dbsVars.CommandChannel.id}",
        "FF0000",
        "Error",
        "",
        "MaximalGen",
        "",
        "",
        "You dont have the permissions to use this Command",
        "",
        "",
        "${dbsVars.CommandAuthor.displayName}",
        "BOOL_TRUE@@",
        "",
        "temp"
      ],
      "formnames": [
        "channelname",
        "color",
        "title",
        "url",
        "authorname",
        "authorimageurl",
        "authorlink",
        "description",
        "thumbnail",
        "image",
        "footer",
        "timestamp",
        "saveToVariable",
        "saveToVariableType"
      ]
    },
    {
      "type": "response",
      "name": "Successfullyban",
      "guid": "e9aee379-e101-4211-9c09-03cf2bce0e4d",
      "reactionFields": [],
      "embedfields": [],
      "outputs": [
        {
          "label": "next response",
          "connections": []
        }
      ],
      "inputs": [
        {
          "label": "trigger",
          "id": "1d885aae-e803-4283-8ad7-78bdf47cfe0e"
        }
      ],
      "x": 101,
      "y": -45,
      "rtype": "Message",
      "rsubtype": "Send Embed",
      "formdata": [
        "${dbsVars.CommandChannel.id}",
        "00FF11",
        "Ban",
        "",
        "MaximalGen",
        "",
        "",
        "Successfully banned <@${tempVars.user}> cause ${tempVars.reason} ! ",
        "",
        "",
        "${dbsVars.CommandAuthor.displayName}",
        "BOOL_TRUE@@",
        "",
        "temp"
      ],
      "formnames": [
        "channelname",
        "color",
        "title",
        "url",
        "authorname",
        "authorimageurl",
        "authorlink",
        "description",
        "thumbnail",
        "image",
        "footer",
        "timestamp",
        "saveToVariable",
        "saveToVariableType"
      ]
    },
    {
      "type": "response",
      "name": "user",
      "guid": "e43b73c1-6967-4fbb-9bcb-2f2895a6b2fe",
      "reactionFields": [],
      "embedfields": [],
      "saveToVariable": "user",
      "saveToVariableType": "temp",
      "outputs": [
        {
          "label": "next response",
          "connections": [
            "5f6decf3-cafc-4e50-9b8a-b0b9c480a657"
          ]
        }
      ],
      "inputs": [
        {
          "label": "trigger",
          "id": "f8ac1451-ca83-4334-8d16-e576565bfe1f"
        }
      ],
      "x": 73,
      "y": -29,
      "rtype": "Variable",
      "rsubtype": "Store Value in Variable",
      "formdata": [
        "user",
        "Text",
        "temp",
        "1"
      ],
      "formnames": [
        "varname",
        "vartype",
        "saveVarType",
        "param"
      ]
    },
    {
      "type": "response",
      "name": "reason",
      "guid": "5f6decf3-cafc-4e50-9b8a-b0b9c480a657",
      "reactionFields": [],
      "embedfields": [],
      "saveToVariable": "reason",
      "saveToVariableType": "temp",
      "outputs": [
        {
          "label": "next response",
          "connections": [
            "1d885aae-e803-4283-8ad7-78bdf47cfe0e"
          ]
        }
      ],
      "inputs": [
        {
          "label": "trigger",
          "id": "e43b73c1-6967-4fbb-9bcb-2f2895a6b2fe"
        }
      ],
      "x": 10,
      "y": -35,
      "rtype": "Variable",
      "rsubtype": "Store Value in Variable",
      "formdata": [
        "reason",
        "Text",
        "temp",
        "2"
      ],
      "formnames": [
        "varname",
        "vartype",
        "saveVarType",
        "param"
      ]
    },
    {
      "type": "response",
      "name": "ban_user",
      "guid": "1d885aae-e803-4283-8ad7-78bdf47cfe0e",
      "reactionFields": [],
      "embedfields": [],
      "outputs": [
        {
          "label": "next response",
          "connections": [
            "e9aee379-e101-4211-9c09-03cf2bce0e4d"
          ]
        }
      ],
      "inputs": [
        {
          "label": "trigger",
          "id": "5f6decf3-cafc-4e50-9b8a-b0b9c480a657"
        }
      ],
      "x": -34,
      "y": 86,
      "rtype": "User Action",
      "rsubtype": "Ban User",
      "formdata": [
        "${tempVars.user}",
        "${tempVars.reason}",
        ""
      ],
      "formnames": [
        "user",
        "reason",
        "days"
      ]
    },
    {
      "type": "command",
      "name": "banid",
      "guid": "a249b8f9-a243-444b-abb1-d909262fbe5a",
      "outputs": [
        {
          "label": "responses",
          "connections": [
            "f8ac1451-ca83-4334-8d16-e576565bfe1f"
          ]
        }
      ],
      "x": 0,
      "y": 1
    },
    {
      "type": "response",
      "name": "help menu_1",
      "guid": "f894d795-5480-4b35-96c0-1580e5c77893",
      "reactionFields": [],
      "embedfields": [
        {
          "name": "m.help",
          "value": "Shows this menu",
          "inline": "true"
        },
        {
          "name": "m.info",
          "value": "Shows some informations about me and my creator",
          "inline": "true"
        },
        {
          "name": "m.banid ",
          "value": "Ban an User with ID ",
          "inline": "true"
        },
        {
          "name": "m.kickid",
          "value": "Kick an user with id ",
          "inline": "true"
        },
        {
          "name": "m.ping",
          "value": "Shows my Ping",
          "inline": "true"
        },
        {
          "name": "m.ticket",
          "value": "Add a ticket panel",
          "inline": "true"
        },
        {
          "name": "m.trole ",
          "value": "Set the Support Role",
          "inline": "true"
        },
        {
          "name": "m.tcategory",
          "value": "Changes the category where channels will be created",
          "inline": "true"
        },
        {
          "name": "m.tclose",
          "value": "Closes the ticket",
          "inline": "true"
        }
      ],
      "outputs": [
        {
          "label": "next response",
          "connections": []
        }
      ],
      "inputs": [
        {
          "label": "trigger",
          "id": "7942fe4c-dffa-4146-8cab-d254b3d80d5d"
        }
      ],
      "x": 9146,
      "y": 128,
      "rtype": "Message",
      "rsubtype": "Send Embed",
      "formdata": [
        "${dbsVars.CommandChannel.id}",
        "0022FF",
        "Help Menu ",
        "",
        "MaximalGen",
        "",
        "",
        "This is the Help menu\n",
        "",
        "",
        "${dbsVars.CommandAuthor.displayName}",
        "BOOL_TRUE@@",
        "",
        "temp"
      ],
      "formnames": [
        "channelname",
        "color",
        "title",
        "url",
        "authorname",
        "authorimageurl",
        "authorlink",
        "description",
        "thumbnail",
        "image",
        "footer",
        "timestamp",
        "saveToVariable",
        "saveToVariableType"
      ]
    },
    {
      "type": "response",
      "name": "kick_check",
      "guid": "3476717d-c2ff-4052-9aea-341b6f22720b",
      "reactionFields": [],
      "embedfields": [],
      "outputs": [
        {
          "label": "has perms",
          "connections": [
            "b9106524-4892-436a-913a-817b9d86d3c7"
          ]
        },
        {
          "label": "doesn't have perms",
          "connections": [
            "410597c7-bb96-4b10-a219-609c44ee00f4"
          ]
        }
      ],
      "inputs": [
        {
          "label": "trigger",
          "id": "493f2ad3-cf73-4b66-93e0-8f2d4bf34ac8"
        }
      ],
      "x": -60,
      "y": -29,
      "rtype": "User Action",
      "rsubtype": "Check User Permissions",
      "formdata": [
        "${dbsVars.CommandAuthor.id}",
        [
          "KICK_MEMBERS"
        ]
      ],
      "formnames": [
        "user",
        "permissions"
      ]
    },
    {
      "type": "response",
      "name": "user_kick",
      "guid": "b9106524-4892-436a-913a-817b9d86d3c7",
      "reactionFields": [],
      "embedfields": [],
      "saveToVariable": "user_kick",
      "saveToVariableType": "temp",
      "outputs": [
        {
          "label": "next response",
          "connections": [
            "1ba99c1c-0613-41a1-bf5b-3fafc088f100"
          ]
        }
      ],
      "inputs": [
        {
          "label": "trigger",
          "id": "3476717d-c2ff-4052-9aea-341b6f22720b"
        }
      ],
      "x": 55,
      "y": -19,
      "rtype": "Variable",
      "rsubtype": "Store Value in Variable",
      "formdata": [
        "user_kick",
        "Text",
        "temp",
        "1"
      ],
      "formnames": [
        "varname",
        "vartype",
        "saveVarType",
        "param"
      ]
    },
    {
      "type": "response",
      "name": "reason_kick",
      "guid": "1ba99c1c-0613-41a1-bf5b-3fafc088f100",
      "reactionFields": [],
      "embedfields": [],
      "saveToVariable": "reson_kick",
      "saveToVariableType": "temp",
      "outputs": [
        {
          "label": "next response",
          "connections": [
            "0c5e48a4-b644-4b3b-8a95-12d9651b89b9"
          ]
        }
      ],
      "inputs": [
        {
          "label": "trigger",
          "id": "b9106524-4892-436a-913a-817b9d86d3c7"
        }
      ],
      "x": -40,
      "y": -51,
      "rtype": "Variable",
      "rsubtype": "Store Value in Variable",
      "formdata": [
        "reson_kick",
        "Text",
        "temp",
        "2"
      ],
      "formnames": [
        "varname",
        "vartype",
        "saveVarType",
        "param"
      ]
    },
    {
      "type": "response",
      "name": "kick_action",
      "guid": "0c5e48a4-b644-4b3b-8a95-12d9651b89b9",
      "reactionFields": [],
      "embedfields": [],
      "outputs": [
        {
          "label": "next response",
          "connections": [
            "8180e009-59b3-4ea5-b5cf-74b61312f14d"
          ]
        }
      ],
      "inputs": [
        {
          "label": "trigger",
          "id": "1ba99c1c-0613-41a1-bf5b-3fafc088f100"
        }
      ],
      "x": -5,
      "y": 23,
      "rtype": "User Action",
      "rsubtype": "Kick User",
      "formdata": [
        "${tempVars.user_kick}",
        "${tempVars.reson_kick}"
      ],
      "formnames": [
        "user",
        "reason"
      ]
    },
    {
      "type": "response",
      "name": "kikc_success",
      "guid": "8180e009-59b3-4ea5-b5cf-74b61312f14d",
      "reactionFields": [],
      "embedfields": [],
      "outputs": [
        {
          "label": "next response",
          "connections": []
        }
      ],
      "inputs": [
        {
          "label": "trigger",
          "id": "0c5e48a4-b644-4b3b-8a95-12d9651b89b9"
        }
      ],
      "x": 22,
      "y": -46,
      "rtype": "Message",
      "rsubtype": "Send Embed",
      "formdata": [
        "${dbsVars.CommandChannel.id}",
        "4DFF00",
        "Kick",
        "",
        "MaximalGen",
        "",
        "",
        "Successfully kicked ${tempVars.user_kick} cause ${tempVars.reson_kick}",
        "",
        "",
        "${dbsVars.CommandAuthor.displayName}",
        "BOOL_TRUE@@",
        "",
        "temp"
      ],
      "formnames": [
        "channelname",
        "color",
        "title",
        "url",
        "authorname",
        "authorimageurl",
        "authorlink",
        "description",
        "thumbnail",
        "image",
        "footer",
        "timestamp",
        "saveToVariable",
        "saveToVariableType"
      ]
    },
    {
      "type": "response",
      "name": "ban_fail_1_1",
      "guid": "410597c7-bb96-4b10-a219-609c44ee00f4",
      "reactionFields": [],
      "embedfields": [],
      "outputs": [
        {
          "label": "next response",
          "connections": []
        }
      ],
      "inputs": [
        {
          "label": "trigger",
          "id": "3476717d-c2ff-4052-9aea-341b6f22720b"
        }
      ],
      "x": -62,
      "y": -50,
      "rtype": "Message",
      "rsubtype": "Send Embed",
      "formdata": [
        "${dbsVars.CommandChannel.id}",
        "FF0000",
        "Error",
        "",
        "MaximalGen",
        "",
        "",
        "You dont have the permissions to use this Command",
        "",
        "",
        "${dbsVars.CommandAuthor.displayName}",
        "BOOL_TRUE@@",
        "",
        "temp"
      ],
      "formnames": [
        "channelname",
        "color",
        "title",
        "url",
        "authorname",
        "authorimageurl",
        "authorlink",
        "description",
        "thumbnail",
        "image",
        "footer",
        "timestamp",
        "saveToVariable",
        "saveToVariableType"
      ]
    },
    {
      "type": "command",
      "name": "kickid",
      "guid": "493f2ad3-cf73-4b66-93e0-8f2d4bf34ac8",
      "outputs": [
        {
          "label": "responses",
          "connections": [
            "3476717d-c2ff-4052-9aea-341b6f22720b"
          ]
        }
      ],
      "x": -72,
      "y": 71
    },
    {
      "type": "response",
      "name": "status",
      "guid": "1b8f52c7-d56c-4933-b3da-44db2df06462",
      "reactionFields": [],
      "embedfields": [],
      "outputs": [
        {
          "label": "next response",
          "connections": [
            "f784d6f5-07ea-4f62-b622-862ef817e83e"
          ]
        }
      ],
      "inputs": [
        {
          "label": "trigger",
          "id": "b827ecee-1ad3-4735-8a34-4c96ae15e100"
        }
      ],
      "x": -48,
      "y": 31,
      "rtype": "Bot Action",
      "rsubtype": "Set Bot Status",
      "formdata": [
        "dnd"
      ],
      "formnames": [
        "presencestatus"
      ]
    },
    {
      "type": "command",
      "name": "dnd",
      "guid": "21098cb0-2bab-4b41-a393-1b815399a1d9",
      "outputs": [
        {
          "label": "responses",
          "connections": []
        }
      ],
      "x": -30,
      "y": -26
    },
    {
      "type": "response",
      "name": "activity",
      "guid": "85d645e5-75fe-4e7e-acc9-08db6bc7ba8f",
      "reactionFields": [],
      "embedfields": [],
      "outputs": [
        {
          "label": "next response",
          "connections": []
        }
      ],
      "inputs": [
        {
          "label": "trigger",
          "id": "f784d6f5-07ea-4f62-b622-862ef817e83e"
        }
      ],
      "x": -20,
      "y": -22,
      "rtype": "Bot Action",
      "rsubtype": "Set Bot Activity",
      "formdata": [
        "${dbsVars.guild.memberCount} Members",
        "WATCHING",
        ""
      ],
      "formnames": [
        "activityname",
        "activitytype",
        "streamurl"
      ]
    },
    {
      "type": "response",
      "name": "status_usccess",
      "guid": "f784d6f5-07ea-4f62-b622-862ef817e83e",
      "reactionFields": [],
      "embedfields": [],
      "outputs": [
        {
          "label": "next response",
          "connections": [
            "85d645e5-75fe-4e7e-acc9-08db6bc7ba8f"
          ]
        }
      ],
      "inputs": [
        {
          "label": "trigger",
          "id": "1b8f52c7-d56c-4933-b3da-44db2df06462"
        }
      ],
      "x": 20,
      "y": -40,
      "rtype": "Message",
      "rsubtype": "Send Embed",
      "formdata": [
        "${dbsVars.CommandAuthor.user.dmChannel}",
        "4DFF00",
        "Status",
        "",
        "MaximalGen",
        "",
        "",
        "Successfully changed the Status",
        "",
        "",
        "${dbsVars.CommandAuthor.displayName}",
        "BOOL_TRUE@@",
        "",
        "temp"
      ],
      "formnames": [
        "channelname",
        "color",
        "title",
        "url",
        "authorname",
        "authorimageurl",
        "authorlink",
        "description",
        "thumbnail",
        "image",
        "footer",
        "timestamp",
        "saveToVariable",
        "saveToVariableType"
      ]
    },
    {
      "type": "command",
      "name": "reset",
      "guid": "2078d489-eebc-4eaa-abcc-a15f540e4f1b",
      "outputs": [
        {
          "label": "responses",
          "connections": [
            "da3ce3a7-c005-4d7a-9dbf-7c4ffed0d222"
          ]
        }
      ],
      "x": -19,
      "y": -51
    },
    {
      "type": "response",
      "name": "activity_1",
      "guid": "b3bcd93c-5c54-46a9-9887-11d0ff597549",
      "reactionFields": [],
      "embedfields": [],
      "outputs": [
        {
          "label": "next response",
          "connections": [
            "755bf0f6-7a41-470e-84cf-b4b67f45b694"
          ]
        }
      ],
      "inputs": [
        {
          "label": "trigger",
          "id": "da3ce3a7-c005-4d7a-9dbf-7c4ffed0d222"
        }
      ],
      "x": 37,
      "y": 10,
      "rtype": "Bot Action",
      "rsubtype": "Set Bot Activity",
      "formdata": [
        "nothing",
        "WATCHING",
        ""
      ],
      "formnames": [
        "activityname",
        "activitytype",
        "streamurl"
      ]
    },
    {
      "type": "response",
      "name": "status_usccess_1",
      "guid": "755bf0f6-7a41-470e-84cf-b4b67f45b694",
      "reactionFields": [],
      "embedfields": [],
      "outputs": [
        {
          "label": "next response",
          "connections": []
        }
      ],
      "inputs": [
        {
          "label": "trigger",
          "id": "b3bcd93c-5c54-46a9-9887-11d0ff597549"
        }
      ],
      "x": 41,
      "y": 58,
      "rtype": "Message",
      "rsubtype": "Send Embed",
      "formdata": [
        "${dbsVars.CommandAuthor.user.dmChannel}",
        "4DFF00",
        "Status",
        "",
        "MaximalGen",
        "",
        "",
        "Successfully reseted the Status",
        "",
        "",
        "${dbsVars.CommandAuthor.displayName}",
        "BOOL_TRUE@@",
        "",
        "temp"
      ],
      "formnames": [
        "channelname",
        "color",
        "title",
        "url",
        "authorname",
        "authorimageurl",
        "authorlink",
        "description",
        "thumbnail",
        "image",
        "footer",
        "timestamp",
        "saveToVariable",
        "saveToVariableType"
      ]
    },
    {
      "type": "command",
      "name": "mute",
      "guid": "64d142be-ceba-4ea2-bc28-8439a60f135a",
      "outputs": [
        {
          "label": "responses",
          "connections": [
            "1d396f50-bce8-4a54-88dc-5072fe4afe7d"
          ]
        }
      ],
      "x": 15,
      "y": 25
    },
    {
      "type": "response",
      "name": "mute_check",
      "guid": "1d396f50-bce8-4a54-88dc-5072fe4afe7d",
      "reactionFields": [],
      "embedfields": [],
      "outputs": [
        {
          "label": "has perms",
          "connections": [
            "045e53bb-9f06-45a2-91b8-ce82708031e0"
          ]
        },
        {
          "label": "doesn't have perms",
          "connections": [
            "05321d7f-b560-4fa1-b856-c0d28702d24e"
          ]
        }
      ],
      "inputs": [
        {
          "label": "trigger",
          "id": "64d142be-ceba-4ea2-bc28-8439a60f135a"
        }
      ],
      "x": 41,
      "y": 25,
      "rtype": "User Action",
      "rsubtype": "Check User Permissions",
      "formdata": [
        "${dbsVars.CommandAuthor.id}",
        [
          "ADMINISTRATOR"
        ]
      ],
      "formnames": [
        "user",
        "permissions"
      ]
    },
    {
      "type": "response",
      "name": "mute_fail",
      "guid": "05321d7f-b560-4fa1-b856-c0d28702d24e",
      "reactionFields": [],
      "embedfields": [],
      "outputs": [
        {
          "label": "next response",
          "connections": []
        }
      ],
      "inputs": [
        {
          "label": "trigger",
          "id": "1d396f50-bce8-4a54-88dc-5072fe4afe7d"
        }
      ],
      "x": 18,
      "y": 14,
      "rtype": "Message",
      "rsubtype": "Send Embed",
      "formdata": [
        "${dbsVars.CommandChannel.id}",
        "FF0000",
        "Error ",
        "",
        "MaximalGen",
        "",
        "",
        "You dont have the permissions to mute this member",
        "${dbsVars.CommandAuthor.user.avatarURL}",
        "",
        "${dbsVars.CommandAuthor.displayName}",
        "BOOL_TRUE@@",
        "",
        "temp"
      ],
      "formnames": [
        "channelname",
        "color",
        "title",
        "url",
        "authorname",
        "authorimageurl",
        "authorlink",
        "description",
        "thumbnail",
        "image",
        "footer",
        "timestamp",
        "saveToVariable",
        "saveToVariableType"
      ]
    },
    {
      "type": "response",
      "name": "mute_user",
      "guid": "045e53bb-9f06-45a2-91b8-ce82708031e0",
      "reactionFields": [],
      "embedfields": [],
      "saveToVariable": "mute_user",
      "saveToVariableType": "temp",
      "outputs": [
        {
          "label": "next response",
          "connections": [
            "6d64d938-4a86-46e9-8b6c-d3b95c8d22de"
          ]
        }
      ],
      "inputs": [
        {
          "label": "trigger",
          "id": "1d396f50-bce8-4a54-88dc-5072fe4afe7d"
        }
      ],
      "x": 72,
      "y": 31,
      "rtype": "Variable",
      "rsubtype": "Store Value in Variable",
      "formdata": [
        "mute_user",
        "Text",
        "temp",
        "1"
      ],
      "formnames": [
        "varname",
        "vartype",
        "saveVarType",
        "param"
      ]
    },
    {
      "type": "response",
      "name": "mute_reason",
      "guid": "6d64d938-4a86-46e9-8b6c-d3b95c8d22de",
      "reactionFields": [],
      "embedfields": [],
      "saveToVariable": "mute_reason",
      "saveToVariableType": "temp",
      "outputs": [
        {
          "label": "next response",
          "connections": [
            "d9c52d90-d70b-486f-bc69-69d30fe9b332"
          ]
        }
      ],
      "inputs": [
        {
          "label": "trigger",
          "id": "045e53bb-9f06-45a2-91b8-ce82708031e0"
        }
      ],
      "x": 48,
      "y": 39,
      "rtype": "Variable",
      "rsubtype": "Store Value in Variable",
      "formdata": [
        "mute_reason",
        "Text",
        "temp",
        "2"
      ],
      "formnames": [
        "varname",
        "vartype",
        "saveVarType",
        "param"
      ]
    },
    {
      "type": "response",
      "name": "mute_action",
      "guid": "d9c52d90-d70b-486f-bc69-69d30fe9b332",
      "reactionFields": [],
      "embedfields": [],
      "outputs": [
        {
          "label": "next response",
          "connections": [
            "45017e78-127a-4826-ac89-7711db707f83"
          ]
        }
      ],
      "inputs": [
        {
          "label": "trigger",
          "id": "6d64d938-4a86-46e9-8b6c-d3b95c8d22de"
        }
      ],
      "x": -65,
      "y": -32,
      "rtype": "User Action",
      "rsubtype": "Add Role to User",
      "formdata": [
        "${tempVars.mute_user}",
        "${serverVars.mute_role}"
      ],
      "formnames": [
        "user",
        "roleName"
      ]
    },
    {
      "type": "response",
      "name": "mute_success",
      "guid": "45017e78-127a-4826-ac89-7711db707f83",
      "reactionFields": [],
      "embedfields": [],
      "outputs": [
        {
          "label": "next response",
          "connections": []
        }
      ],
      "inputs": [
        {
          "label": "trigger",
          "id": "d9c52d90-d70b-486f-bc69-69d30fe9b332"
        }
      ],
      "x": -35,
      "y": -4,
      "rtype": "Message",
      "rsubtype": "Send Embed",
      "formdata": [
        "${dbsVars.CommandChannel.id}",
        "2BFF00",
        "Mute ",
        "",
        "MaximalGen",
        "",
        "",
        "You successfully muted ${tempVars.mute_user}!",
        "${dbsVars.CommandAuthor.user.avatarURL}",
        "",
        "${dbsVars.CommandAuthor.displayName}",
        "BOOL_TRUE@@",
        "",
        "temp"
      ],
      "formnames": [
        "channelname",
        "color",
        "title",
        "url",
        "authorname",
        "authorimageurl",
        "authorlink",
        "description",
        "thumbnail",
        "image",
        "footer",
        "timestamp",
        "saveToVariable",
        "saveToVariableType"
      ]
    },
    {
      "type": "response",
      "name": "info_answer",
      "guid": "0f3a7e03-1cce-462a-9c1e-caabfa871590",
      "reactionFields": [],
      "embedfields": [],
      "outputs": [
        {
          "label": "next response",
          "connections": []
        }
      ],
      "inputs": [
        {
          "label": "trigger",
          "id": "2224944a-561a-4fa1-824b-2f31ea37c836"
        }
      ],
      "x": 9463,
      "y": 285,
      "rtype": "Message",
      "rsubtype": "Send Embed",
      "formdata": [
        "${dbsVars.CommandChannel.id}",
        "B3FF00",
        "Info",
        "",
        "MaximalGen",
        "${dbsVars.CommandAuthor.user.avatarURL}",
        "https://discord.gg/nqQxffjurC",
        "\nSupport Server: https://discord.gg/nqQxffjurC",
        "",
        "",
        "${dbsVars.CommandAuthor.displayName}",
        "BOOL_TRUE@@",
        "",
        "temp"
      ],
      "formnames": [
        "channelname",
        "color",
        "title",
        "url",
        "authorname",
        "authorimageurl",
        "authorlink",
        "description",
        "thumbnail",
        "image",
        "footer",
        "timestamp",
        "saveToVariable",
        "saveToVariableType"
      ]
    },
    {
      "type": "response",
      "name": "setup_fail",
      "guid": "ecc313a3-2241-4d8a-82c8-d951d7c48262",
      "reactionFields": [],
      "embedfields": [],
      "outputs": [
        {
          "label": "next response",
          "connections": []
        }
      ],
      "inputs": [
        {
          "label": "trigger",
          "id": "33b08eee-a23f-4ba4-8ce8-e6fa29bc9b32"
        }
      ],
      "x": 1,
      "y": 312,
      "rtype": "Message",
      "rsubtype": "Send Embed",
      "formdata": [
        "${dbsVars.CommandChannel.id}",
        "FF0000",
        "Error",
        "",
        "MaximalGen ",
        "",
        "",
        "You dont have the permission to run this command, you need to have Admin perms to use this commands",
        "",
        "",
        "${dbsVars.CommandAuthor.displayName}",
        "BOOL_TRUE@@",
        "",
        "temp"
      ],
      "formnames": [
        "channelname",
        "color",
        "title",
        "url",
        "authorname",
        "authorimageurl",
        "authorlink",
        "description",
        "thumbnail",
        "image",
        "footer",
        "timestamp",
        "saveToVariable",
        "saveToVariableType"
      ]
    },
    {
      "type": "response",
      "name": "status_test_check",
      "guid": "b827ecee-1ad3-4735-8a34-4c96ae15e100",
      "reactionFields": [],
      "embedfields": [],
      "outputs": [
        {
          "label": "true",
          "connections": [
            "1b8f52c7-d56c-4933-b3da-44db2df06462"
          ]
        },
        {
          "label": "false",
          "connections": [
            "6a3a103a-a16e-44f1-b544-6b20f798063b"
          ]
        }
      ],
      "inputs": [
        {
          "label": "trigger",
          "id": "21098cb0-2bab-4b41-a393-1b815399a1d9"
        }
      ],
      "x": 84,
      "y": 18,
      "rtype": "User Data",
      "rsubtype": "Check User Data",
      "formdata": [
        "${dbsVars.CommandAuthor.id}",
        "id",
        "equal to",
        "735606420829110292"
      ],
      "formnames": [
        "user",
        "field",
        "compare",
        "value"
      ]
    },
    {
      "type": "response",
      "name": "status_check_fail",
      "guid": "6a3a103a-a16e-44f1-b544-6b20f798063b",
      "reactionFields": [],
      "embedfields": [],
      "outputs": [
        {
          "label": "next response",
          "connections": []
        }
      ],
      "inputs": [
        {
          "label": "trigger",
          "id": "b827ecee-1ad3-4735-8a34-4c96ae15e100"
        }
      ],
      "x": 109,
      "y": -6,
      "rtype": "Message",
      "rsubtype": "Send Embed",
      "formdata": [
        "${dbsVars.CommandAuthor.user.dmChannel}",
        "FF0000",
        "Error",
        "",
        "MaximalGen",
        "",
        "",
        "You cant use this Command, its only for my Creator, but nice, you found out this command, DM my Creator to claim a reward. \nWrite m.info to see who my creator is.",
        "${dbsVars.CommandAuthor.user.avatarURL}",
        "",
        "${dbsVars.CommandAuthor.displayName}",
        "BOOL_TRUE@@",
        "",
        "temp"
      ],
      "formnames": [
        "channelname",
        "color",
        "title",
        "url",
        "authorname",
        "authorimageurl",
        "authorlink",
        "description",
        "thumbnail",
        "image",
        "footer",
        "timestamp",
        "saveToVariable",
        "saveToVariableType"
      ]
    },
    {
      "type": "response",
      "name": "res",
      "guid": "baf5cfa9-b976-4fd0-9270-4b1dcf55d611",
      "reactionFields": [],
      "embedfields": [],
      "outputs": [
        {
          "label": "next response",
          "connections": []
        }
      ],
      "inputs": [
        {
          "label": "trigger",
          "id": ""
        }
      ],
      "x": 12,
      "y": 9882,
      "rtype": "User Data",
      "rsubtype": "Set User Data",
      "formdata": [
        "${dbsVars.CommandAuthor.id}",
        "id",
        "735606420829110292"
      ],
      "formnames": [
        "user",
        "field",
        "fieldvalue"
      ]
    },
    {
      "type": "response",
      "name": "ticket_channel",
      "guid": "fcd4299b-04e2-48c0-937a-1d20f77bec6d",
      "reactionFields": [],
      "embedfields": [],
      "outputs": [
        {
          "label": "next response",
          "connections": []
        }
      ],
      "inputs": [
        {
          "label": "trigger",
          "id": "cba188b3-e134-4b0f-a479-5012295b784e"
        }
      ],
      "x": -102,
      "y": 1563,
      "rtype": "Channel Action",
      "rsubtype": "Ticket Mod",
      "formdata": [
        "#ff0000",
        "Suppport",
        "",
        "MaximalBot",
        "",
        "",
        "You need help? React here with ✅",
        "",
        "",
        "MaximalBot",
        "✅",
        "ticket",
        "",
        "${serverVars.ticket role}",
        "100000000",
        "ticketmessage",
        "temp"
      ],
      "formnames": [
        "embed__clr",
        "embed__tit",
        "embed__url",
        "embed__an",
        "embed__ai",
        "embed__al",
        "embed__des",
        "embed__thumb",
        "embed__img",
        "embed__footer",
        "embed__emoji",
        "namet",
        "catogory",
        "roleids",
        "timedelete",
        "var_name",
        "selection"
      ]
    },
    {
      "type": "command",
      "name": "ticket",
      "guid": "62924288-8ed8-4f79-9b43-735f345954bd",
      "outputs": [
        {
          "label": "responses",
          "connections": [
            "cba188b3-e134-4b0f-a479-5012295b784e"
          ]
        }
      ],
      "x": -119,
      "y": 1575
    },
    {
      "type": "response",
      "name": "status_test_check_1",
      "guid": "da3ce3a7-c005-4d7a-9dbf-7c4ffed0d222",
      "embedfields": [],
      "outputs": [
        {
          "label": "true",
          "connections": [
            "b3bcd93c-5c54-46a9-9887-11d0ff597549"
          ]
        },
        {
          "label": "false",
          "connections": [
            "66f084f8-ed19-45c1-abf4-353d0475d101"
          ]
        }
      ],
      "inputs": [
        {
          "label": "trigger",
          "id": "2078d489-eebc-4eaa-abcc-a15f540e4f1b"
        }
      ],
      "x": 67,
      "y": -26,
      "rtype": "User Data",
      "rsubtype": "Check User Data",
      "formdata": [
        "${dbsVars.CommandAuthor.id}",
        "id",
        "equal to",
        "735606420829110292"
      ],
      "formnames": [
        "user",
        "field",
        "compare",
        "value"
      ]
    },
    {
      "type": "response",
      "name": "status_check_fail_1",
      "guid": "66f084f8-ed19-45c1-abf4-353d0475d101",
      "embedfields": [],
      "outputs": [
        {
          "label": "next response",
          "connections": []
        }
      ],
      "inputs": [
        {
          "label": "trigger",
          "id": "da3ce3a7-c005-4d7a-9dbf-7c4ffed0d222"
        }
      ],
      "x": 21,
      "y": -67,
      "rtype": "Message",
      "rsubtype": "Send Embed",
      "formdata": [
        "${dbsVars.CommandAuthor.user.dmChannel}",
        "FF0000",
        "Error",
        "",
        "MaximalGen",
        "",
        "",
        "You cant use this Command, its only for my Creator, but nice, you found out this command, DM my Creator to claim a reward. \nWrite m.info to see who my creator is.",
        "${dbsVars.CommandAuthor.user.avatarURL}",
        "",
        "${dbsVars.CommandAuthor.displayName}",
        "BOOL_TRUE@@",
        "",
        "temp"
      ],
      "formnames": [
        "channelname",
        "color",
        "title",
        "url",
        "authorname",
        "authorimageurl",
        "authorlink",
        "description",
        "thumbnail",
        "image",
        "footer",
        "timestamp",
        "saveToVariable",
        "saveToVariableType"
      ]
    },
    {
      "type": "command",
      "name": "tclose",
      "guid": "974fcb65-e8c6-40ef-b942-ebbbd4f81593",
      "outputs": [
        {
          "label": "responses",
          "connections": [
            "ef3139a1-b5b5-4472-a7dc-bfc78d862bd9"
          ]
        }
      ],
      "x": -68,
      "y": 1580
    },
    {
      "type": "response",
      "name": "ticketpanel_check",
      "guid": "cba188b3-e134-4b0f-a479-5012295b784e",
      "reactionFields": [],
      "embedfields": [],
      "outputs": [
        {
          "label": "has perms",
          "connections": [
            "5e3c13ae-e187-4b0b-926d-0f5969f72744"
          ]
        },
        {
          "label": "doesn't have perms",
          "connections": [
            "3b01fb16-9cb3-45f2-95f0-ae0b2b4abeea"
          ]
        }
      ],
      "inputs": [
        {
          "label": "trigger",
          "id": "62924288-8ed8-4f79-9b43-735f345954bd"
        }
      ],
      "x": -51,
      "y": 1542,
      "rtype": "User Action",
      "rsubtype": "Check User Permissions",
      "formdata": [
        "${dbsVars.CommandAuthor.id}",
        [
          "ADMINISTRATOR"
        ]
      ],
      "formnames": [
        "user",
        "permissions"
      ]
    },
    {
      "type": "response",
      "name": "ticketpanel_fail",
      "guid": "3b01fb16-9cb3-45f2-95f0-ae0b2b4abeea",
      "reactionFields": [],
      "embedfields": [],
      "outputs": [
        {
          "label": "next response",
          "connections": []
        }
      ],
      "inputs": [
        {
          "label": "trigger",
          "id": "cba188b3-e134-4b0f-a479-5012295b784e"
        }
      ],
      "x": -77,
      "y": 1579,
      "rtype": "Message",
      "rsubtype": "Send Embed",
      "formdata": [
        "${dbsVars.CommandChannel.id}",
        "FF0000",
        "Error",
        "",
        "MaximalBot",
        "",
        "",
        "You cant use this command, you need the admin permission!",
        "",
        "",
        "${dbsVars.CommandAuthor.displayName}",
        "BOOL_TRUE@@",
        "",
        "temp"
      ],
      "formnames": [
        "channelname",
        "color",
        "title",
        "url",
        "authorname",
        "authorimageurl",
        "authorlink",
        "description",
        "thumbnail",
        "image",
        "footer",
        "timestamp",
        "saveToVariable",
        "saveToVariableType"
      ]
    },
    {
      "type": "response",
      "name": "ticketpanel_check_1",
      "guid": "31a5cdd7-f600-4308-8007-c6cb3f33cf30",
      "reactionFields": [],
      "embedfields": [],
      "outputs": [
        {
          "label": "has perms",
          "connections": [
            "6d3ad8dd-4a4f-4882-889c-c1dbe2bf2cf5"
          ]
        },
        {
          "label": "doesn't have perms",
          "connections": [
            "89cedcf0-412c-4b70-9f8a-c8c900d537f9"
          ]
        }
      ],
      "inputs": [
        {
          "label": "trigger",
          "id": "3765f004-ae85-4881-bb8c-638025fc47f1"
        }
      ],
      "x": -49,
      "y": 1589,
      "rtype": "User Action",
      "rsubtype": "Check User Permissions",
      "formdata": [
        "${dbsVars.CommandAuthor.id}",
        [
          "ADMINISTRATOR"
        ]
      ],
      "formnames": [
        "user",
        "permissions"
      ]
    },
    {
      "type": "response",
      "name": "ticketpanel_fail_1",
      "guid": "89cedcf0-412c-4b70-9f8a-c8c900d537f9",
      "embedfields": [],
      "outputs": [
        {
          "label": "next response",
          "connections": []
        }
      ],
      "inputs": [
        {
          "label": "trigger",
          "id": "31a5cdd7-f600-4308-8007-c6cb3f33cf30"
        }
      ],
      "x": -44,
      "y": 1599,
      "rtype": "Message",
      "rsubtype": "Send Embed",
      "formdata": [
        "${dbsVars.CommandChannel.id}",
        "FF0000",
        "Error",
        "",
        "MaximalBot",
        "",
        "",
        "You cant use this command, you need the admin permission!",
        "",
        "",
        "${dbsVars.CommandAuthor.displayName}",
        "BOOL_TRUE@@",
        "",
        "temp"
      ],
      "formnames": [
        "channelname",
        "color",
        "title",
        "url",
        "authorname",
        "authorimageurl",
        "authorlink",
        "description",
        "thumbnail",
        "image",
        "footer",
        "timestamp",
        "saveToVariable",
        "saveToVariableType"
      ]
    },
    {
      "type": "response",
      "name": "tickerolevar",
      "guid": "6d3ad8dd-4a4f-4882-889c-c1dbe2bf2cf5",
      "reactionFields": [],
      "embedfields": [],
      "saveToVariable": "ticket role",
      "saveToVariableType": "server",
      "outputs": [
        {
          "label": "next response",
          "connections": [
            "6209fc41-88d1-4d69-a52b-b4583cd5ae13"
          ]
        }
      ],
      "inputs": [
        {
          "label": "trigger",
          "id": "31a5cdd7-f600-4308-8007-c6cb3f33cf30"
        }
      ],
      "x": -65,
      "y": 1630,
      "rtype": "Variable",
      "rsubtype": "Store Value in Variable",
      "formdata": [
        "ticket role",
        "Text",
        "server",
        "1"
      ],
      "formnames": [
        "varname",
        "vartype",
        "saveVarType",
        "param"
      ]
    },
    {
      "type": "response",
      "name": "tickerole success",
      "guid": "6209fc41-88d1-4d69-a52b-b4583cd5ae13",
      "reactionFields": [],
      "embedfields": [],
      "outputs": [
        {
          "label": "next response",
          "connections": []
        }
      ],
      "inputs": [
        {
          "label": "trigger",
          "id": "6d3ad8dd-4a4f-4882-889c-c1dbe2bf2cf5"
        }
      ],
      "x": -70,
      "y": 1633,
      "rtype": "Message",
      "rsubtype": "Send Embed",
      "formdata": [
        "${dbsVars.CommandChannel.id}",
        "66FF00",
        "Ticket Role",
        "",
        "MaximalBot",
        "",
        "",
        "<@${serverVars.ticket role}> is now the ticket role, this role have access now",
        "",
        "",
        "${dbsVars.CommandAuthor.displayName}",
        "BOOL_TRUE@@",
        "",
        "temp"
      ],
      "formnames": [
        "channelname",
        "color",
        "title",
        "url",
        "authorname",
        "authorimageurl",
        "authorlink",
        "description",
        "thumbnail",
        "image",
        "footer",
        "timestamp",
        "saveToVariable",
        "saveToVariableType"
      ]
    },
    {
      "type": "response",
      "name": "ticketpanel_check_1_1",
      "guid": "13fa1d4b-0bd4-4556-8f81-3d5a7c442bd8",
      "embedfields": [],
      "outputs": [
        {
          "label": "has perms",
          "connections": [
            "c59ce3b4-d6f1-46e4-9005-525ef33118d3"
          ]
        },
        {
          "label": "doesn't have perms",
          "connections": [
            "eae1fa20-464e-44c9-b6f0-30269cf1a7a5"
          ]
        }
      ],
      "inputs": [
        {
          "label": "trigger",
          "id": "b96fef57-56a7-4015-af78-eba516cd71af"
        }
      ],
      "x": -120,
      "y": 1547,
      "rtype": "User Action",
      "rsubtype": "Check User Permissions",
      "formdata": [
        "${dbsVars.CommandAuthor.id}",
        [
          "ADMINISTRATOR"
        ]
      ],
      "formnames": [
        "user",
        "permissions"
      ]
    },
    {
      "type": "response",
      "name": "ticketpanel_fail_1_1",
      "guid": "eae1fa20-464e-44c9-b6f0-30269cf1a7a5",
      "embedfields": [],
      "outputs": [
        {
          "label": "next response",
          "connections": []
        }
      ],
      "inputs": [
        {
          "label": "trigger",
          "id": "13fa1d4b-0bd4-4556-8f81-3d5a7c442bd8"
        }
      ],
      "x": -25,
      "y": 1631,
      "rtype": "Message",
      "rsubtype": "Send Embed",
      "formdata": [
        "${dbsVars.CommandChannel.id}",
        "FF0000",
        "Error",
        "",
        "MaximalBot",
        "",
        "",
        "You cant use this command, you need the admin permission!",
        "",
        "",
        "${dbsVars.CommandAuthor.displayName}",
        "BOOL_TRUE@@",
        "",
        "temp"
      ],
      "formnames": [
        "channelname",
        "color",
        "title",
        "url",
        "authorname",
        "authorimageurl",
        "authorlink",
        "description",
        "thumbnail",
        "image",
        "footer",
        "timestamp",
        "saveToVariable",
        "saveToVariableType"
      ]
    },
    {
      "type": "response",
      "name": "tickerolevar_1",
      "guid": "c59ce3b4-d6f1-46e4-9005-525ef33118d3",
      "reactionFields": [],
      "embedfields": [],
      "saveToVariable": "ticket channel",
      "saveToVariableType": "server",
      "outputs": [
        {
          "label": "next response",
          "connections": [
            "29bae74c-07ff-4a34-84a0-209f2d3e095b"
          ]
        }
      ],
      "inputs": [
        {
          "label": "trigger",
          "id": "13fa1d4b-0bd4-4556-8f81-3d5a7c442bd8"
        }
      ],
      "x": -112,
      "y": 1590,
      "rtype": "Variable",
      "rsubtype": "Store Value in Variable",
      "formdata": [
        "ticket channel",
        "Text",
        "server",
        "1"
      ],
      "formnames": [
        "varname",
        "vartype",
        "saveVarType",
        "param"
      ]
    },
    {
      "type": "response",
      "name": "tickerole success_1",
      "guid": "29bae74c-07ff-4a34-84a0-209f2d3e095b",
      "reactionFields": [],
      "embedfields": [],
      "outputs": [
        {
          "label": "next response",
          "connections": []
        }
      ],
      "inputs": [
        {
          "label": "trigger",
          "id": "c59ce3b4-d6f1-46e4-9005-525ef33118d3"
        }
      ],
      "x": -116,
      "y": 1623,
      "rtype": "Message",
      "rsubtype": "Send Embed",
      "formdata": [
        "${dbsVars.CommandChannel.id}",
        "66FF00",
        "Ticket Role",
        "",
        "MaximalBot",
        "",
        "",
        "<#${serverVars.ticket channel}> is now the ticket role, this role have access now",
        "",
        "",
        "${dbsVars.CommandAuthor.displayName}",
        "BOOL_TRUE@@",
        "",
        "temp"
      ],
      "formnames": [
        "channelname",
        "color",
        "title",
        "url",
        "authorname",
        "authorimageurl",
        "authorlink",
        "description",
        "thumbnail",
        "image",
        "footer",
        "timestamp",
        "saveToVariable",
        "saveToVariableType"
      ]
    },
    {
      "type": "command",
      "name": "tcategory",
      "guid": "b96fef57-56a7-4015-af78-eba516cd71af",
      "outputs": [
        {
          "label": "responses",
          "connections": [
            "13fa1d4b-0bd4-4556-8f81-3d5a7c442bd8"
          ]
        }
      ],
      "x": -45,
      "y": 1617
    },
    {
      "type": "command",
      "name": "trole",
      "guid": "3765f004-ae85-4881-bb8c-638025fc47f1",
      "outputs": [
        {
          "label": "responses",
          "connections": [
            "31a5cdd7-f600-4308-8007-c6cb3f33cf30"
          ]
        }
      ],
      "x": -76,
      "y": 1611
    },
    {
      "type": "response",
      "name": "ticketpanel_check_1_1_1",
      "guid": "ef3139a1-b5b5-4472-a7dc-bfc78d862bd9",
      "embedfields": [],
      "outputs": [
        {
          "label": "has perms",
          "connections": [
            "932e6fee-026d-45c6-bb2b-a867003917f5"
          ]
        },
        {
          "label": "doesn't have perms",
          "connections": [
            "b77ca956-f9b5-4536-bd1d-f5407769b345"
          ]
        }
      ],
      "inputs": [
        {
          "label": "trigger",
          "id": "974fcb65-e8c6-40ef-b942-ebbbd4f81593"
        }
      ],
      "x": -49,
      "y": 1645,
      "rtype": "User Action",
      "rsubtype": "Check User Permissions",
      "formdata": [
        "${dbsVars.CommandAuthor.id}",
        [
          "ADMINISTRATOR"
        ]
      ],
      "formnames": [
        "user",
        "permissions"
      ]
    },
    {
      "type": "response",
      "name": "ticketpanel_fail_1_1_1",
      "guid": "b77ca956-f9b5-4536-bd1d-f5407769b345",
      "embedfields": [],
      "outputs": [
        {
          "label": "next response",
          "connections": []
        }
      ],
      "inputs": [
        {
          "label": "trigger",
          "id": "ef3139a1-b5b5-4472-a7dc-bfc78d862bd9"
        }
      ],
      "x": -87,
      "y": 1586,
      "rtype": "Message",
      "rsubtype": "Send Embed",
      "formdata": [
        "${dbsVars.CommandChannel.id}",
        "FF0000",
        "Error",
        "",
        "MaximalBot",
        "",
        "",
        "You cant use this command, you need the admin permission!",
        "",
        "",
        "${dbsVars.CommandAuthor.displayName}",
        "BOOL_TRUE@@",
        "",
        "temp"
      ],
      "formnames": [
        "channelname",
        "color",
        "title",
        "url",
        "authorname",
        "authorimageurl",
        "authorlink",
        "description",
        "thumbnail",
        "image",
        "footer",
        "timestamp",
        "saveToVariable",
        "saveToVariableType"
      ]
    },
    {
      "type": "response",
      "name": "ticket_close",
      "guid": "932e6fee-026d-45c6-bb2b-a867003917f5",
      "reactionFields": [],
      "embedfields": [],
      "outputs": [
        {
          "label": "next response",
          "connections": []
        }
      ],
      "inputs": [
        {
          "label": "trigger",
          "id": "ef3139a1-b5b5-4472-a7dc-bfc78d862bd9"
        }
      ],
      "x": -115,
      "y": 1573,
      "rtype": "Channel Action",
      "rsubtype": "Delete Channel",
      "formdata": [
        "${dbsVars.CommandChannel.id}",
        "Ticket Close"
      ],
      "formnames": [
        "channelname",
        "reason"
      ]
    },
    {
      "type": "response",
      "name": "ticket_channel:1",
      "guid": "5e3c13ae-e187-4b0b-926d-0f5969f72744",
      "reactionFields": [],
      "embedfields": [],
      "outputs": [
        {
          "label": "next response",
          "connections": []
        }
      ],
      "inputs": [
        {
          "label": "trigger",
          "id": "cba188b3-e134-4b0f-a479-5012295b784e"
        }
      ],
      "x": -40,
      "y": 1612,
      "rtype": "Channel Action",
      "rsubtype": "Ticket Mod",
      "formdata": [
        "#ff0000",
        "Support",
        "",
        "MaximalBot",
        "",
        "",
        "If you need help react with ✅",
        "",
        "",
        "support by MaximalBox",
        "✅",
        "ticket",
        "${serverVars.ticket channel}",
        "${serverVars.ticket role}",
        "1000000",
        "",
        "temp"
      ],
      "formnames": [
        "embed__clr",
        "embed__tit",
        "embed__url",
        "embed__an",
        "embed__ai",
        "embed__al",
        "embed__des",
        "embed__thumb",
        "embed__img",
        "embed__footer",
        "embed__emoji",
        "namet",
        "catogory",
        "roleids",
        "timedelete",
        "var_name",
        "selection"
      ]
    },
    {
      "type": "command",
      "name": "clear",
      "guid": "6e65aaf8-7d97-4b7b-845a-d889bb502f48",
      "outputs": [
        {
          "label": "responses",
          "connections": [
            "3dd87e5a-4b69-4691-8f95-de8bf0f029f7"
          ]
        }
      ],
      "x": 805,
      "y": 199
    },
    {
      "type": "response",
      "name": "howmuchmessages",
      "guid": "3dd87e5a-4b69-4691-8f95-de8bf0f029f7",
      "reactionFields": [],
      "embedfields": [],
      "saveToVariable": "howmichmessages",
      "saveToVariableType": "temp",
      "outputs": [
        {
          "label": "next response",
          "connections": [
            "8584bf4e-8dcd-4d46-9ec2-798452f9c721"
          ]
        }
      ],
      "inputs": [
        {
          "label": "trigger",
          "id": "6e65aaf8-7d97-4b7b-845a-d889bb502f48"
        }
      ],
      "x": 716,
      "y": 366,
      "rtype": "Variable",
      "rsubtype": "Store Value in Variable",
      "formdata": [
        "howmichmessages",
        "Number",
        "temp",
        "1"
      ],
      "formnames": [
        "varname",
        "vartype",
        "saveVarType",
        "param"
      ]
    },
    {
      "type": "response",
      "name": "clear_action",
      "guid": "8584bf4e-8dcd-4d46-9ec2-798452f9c721",
      "reactionFields": [],
      "embedfields": [],
      "outputs": [
        {
          "label": "next response",
          "connections": [
            "aff6d91c-335c-41ce-a8fe-db8b04b60451"
          ]
        }
      ],
      "inputs": [
        {
          "label": "trigger",
          "id": "3dd87e5a-4b69-4691-8f95-de8bf0f029f7"
        }
      ],
      "x": 460,
      "y": 413,
      "rtype": "Channel Action",
      "rsubtype": "Delete All Messages",
      "formdata": [
        "${dbsVars.CommandChannel.id}",
        "${tempVars.howmichmessages}"
      ],
      "formnames": [
        "channelname",
        "msgcount"
      ]
    },
    {
      "type": "response",
      "name": "CLEAR SCUEESS",
      "guid": "aff6d91c-335c-41ce-a8fe-db8b04b60451",
      "reactionFields": [],
      "embedfields": [],
      "outputs": [
        {
          "label": "next response",
          "connections": []
        }
      ],
      "inputs": [
        {
          "label": "trigger",
          "id": "8584bf4e-8dcd-4d46-9ec2-798452f9c721"
        }
      ],
      "x": 220,
      "y": 414,
      "rtype": "Message",
      "rsubtype": "Send Embed",
      "formdata": [
        "${dbsVars.CommandChannel.id}",
        "41FF0F",
        "Clean",
        "",
        "MaximalBot",
        "",
        "",
        "Successfully cleaned ${tempVars.howmichmessages} Messages",
        "",
        "",
        "${dbsVars.CommandAuthor.displayName}",
        "BOOL_TRUE@@",
        "",
        "temp"
      ],
      "formnames": [
        "channelname",
        "color",
        "title",
        "url",
        "authorname",
        "authorimageurl",
        "authorlink",
        "description",
        "thumbnail",
        "image",
        "footer",
        "timestamp",
        "saveToVariable",
        "saveToVariableType"
      ]
    },
    {
      "type": "response",
      "name": "ping2.0",
      "guid": "628850fe-6901-435f-9cd2-faddc37d3932",
      "reactionFields": [],
      "embedfields": [],
      "outputs": [
        {
          "label": "next response",
          "connections": []
        }
      ],
      "inputs": [
        {
          "label": "trigger",
          "id": "7aa575ef-ceae-4d72-b148-53e9f6a8e835"
        }
      ],
      "x": 9693,
      "y": 221,
      "rtype": "Message",
      "rsubtype": "Better Ping",
      "formdata": [
        "Calculating Ping.....",
        "",
        "Ping",
        "00FF47",
        "Pong, my ping is $$ping$$, the Ping from Discord is $$dcping$$"
      ],
      "formnames": [
        "a1",
        "a2",
        "title",
        "color",
        "description"
      ]
    },
    {
      "type": "response",
      "name": "test",
      "guid": "5dea5a59-3dc2-43f7-b7f7-bf9696d720de",
      "reactionFields": [],
      "embedfields": [],
      "outputs": [
        {
          "label": "next response",
          "connections": [
            "e7b912f0-b186-4eac-ae7f-f85cc1b9ca49"
          ]
        }
      ],
      "inputs": [
        {
          "label": "trigger",
          "id": "3bf12862-7a19-4ee1-be9f-b79dcfb4e11f"
        }
      ],
      "x": 560,
      "y": 593,
      "rtype": "Bot Action",
      "rsubtype": "More Status",
      "formdata": [
        "WATCHING",
        "$$Members$$ Users | $$Servers$$ Servers"
      ],
      "formnames": [
        "statusOption",
        "statusText"
      ]
    },
    {
      "type": "response",
      "name": "status_lol",
      "guid": "e7b912f0-b186-4eac-ae7f-f85cc1b9ca49",
      "reactionFields": [],
      "embedfields": [],
      "outputs": [
        {
          "label": "next response",
          "connections": []
        }
      ],
      "inputs": [
        {
          "label": "trigger",
          "id": "5dea5a59-3dc2-43f7-b7f7-bf9696d720de"
        }
      ],
      "x": 750,
      "y": 646,
      "rtype": "Message",
      "rsubtype": "Send Embed",
      "formdata": [
        "${dbsVars.CommandAuthor.user.dmChannel}",
        "00FF33",
        "Status",
        "",
        "Maximalot",
        "",
        "",
        "Successfully changed the Status",
        "",
        "",
        "${dbsVars.CommandAuthor.displayName}",
        "BOOL_TRUE@@",
        "",
        "temp"
      ],
      "formnames": [
        "channelname",
        "color",
        "title",
        "url",
        "authorname",
        "authorimageurl",
        "authorlink",
        "description",
        "thumbnail",
        "image",
        "footer",
        "timestamp",
        "saveToVariable",
        "saveToVariableType"
      ]
    },
    {
      "type": "response",
      "name": "status_test_check_2",
      "guid": "3bf12862-7a19-4ee1-be9f-b79dcfb4e11f",
      "embedfields": [],
      "outputs": [
        {
          "label": "true",
          "connections": [
            "5dea5a59-3dc2-43f7-b7f7-bf9696d720de"
          ]
        },
        {
          "label": "false",
          "connections": [
            "7e5243d6-1a18-4f09-b64d-469116c64e91"
          ]
        }
      ],
      "inputs": [
        {
          "label": "trigger",
          "id": "6efc5af6-15f9-449c-bf0b-5dbfe6a9eb45"
        }
      ],
      "x": 378,
      "y": 642,
      "rtype": "User Data",
      "rsubtype": "Check User Data",
      "formdata": [
        "${dbsVars.CommandAuthor.id}",
        "id",
        "equal to",
        "735606420829110292"
      ],
      "formnames": [
        "user",
        "field",
        "compare",
        "value"
      ]
    },
    {
      "type": "response",
      "name": "status.fail",
      "guid": "7e5243d6-1a18-4f09-b64d-469116c64e91",
      "reactionFields": [],
      "embedfields": [],
      "outputs": [
        {
          "label": "next response",
          "connections": []
        }
      ],
      "inputs": [
        {
          "label": "trigger",
          "id": "3bf12862-7a19-4ee1-be9f-b79dcfb4e11f"
        }
      ],
      "x": 577,
      "y": 773,
      "rtype": "Message",
      "rsubtype": "Send Message",
      "formdata": [
        "${dbsVars.CommandAuthor.user.dmChannel}",
        "You cant use this Command, this Command is for my Creator only",
        "",
        "temp"
      ],
      "formnames": [
        "channelName",
        "messageText",
        "saveToVariable",
        "saveToVariableType"
      ]
    },
    {
      "type": "command",
      "name": "online",
      "guid": "6efc5af6-15f9-449c-bf0b-5dbfe6a9eb45",
      "outputs": [
        {
          "label": "responses",
          "connections": [
            "3bf12862-7a19-4ee1-be9f-b79dcfb4e11f"
          ]
        }
      ],
      "x": 168,
      "y": 734
    }
  ]
}