{
  "enabled": true,
  "obj": {
    "warnEnabled": true,
    "kickEnabled": false,
    "banEnabled": false,
    "maxInterval": 2000,
    "maxDuplicatesInterval": 60000,
    "warnMessage": "You got a warning! Improve your behaviour ir you get a ban!",
    "kickMessage": "You got kicked",
    "banMessage": "you got banned",
    "warnThreshold": 3,
    "kickThreshold": 5,
    "banThreshold": 7,
    "maxDuplicatesWarning": 4,
    "maxDuplicatesKick": 7,
    "maxDuplicatesBan": 12,
    "debug": true
  }
}