{
  "command": [
    {
      "name": "help",
      "actions": [
        {
          "name": "help menu_1",
          "category": "Message",
          "type": "Send Embed",
          "fields": [
            {
              "name": "m.help",
              "value": "Shows this menu",
              "inline": "true"
            },
            {
              "name": "m.info",
              "value": "Shows some informations about me and my creator",
              "inline": "true"
            },
            {
              "name": "m.banid ",
              "value": "Ban an User with ID ",
              "inline": "true"
            },
            {
              "name": "m.kickid",
              "value": "Kick an user with id ",
              "inline": "true"
            },
            {
              "name": "m.ping",
              "value": "Shows my Ping",
              "inline": "true"
            },
            {
              "name": "m.ticket",
              "value": "Add a ticket panel",
              "inline": "true"
            },
            {
              "name": "m.trole ",
              "value": "Set the Support Role",
              "inline": "true"
            },
            {
              "name": "m.tcategory",
              "value": "Changes the category where channels will be created",
              "inline": "true"
            },
            {
              "name": "m.tclose",
              "value": "Closes the ticket",
              "inline": "true"
            }
          ],
          "channelname": "${dbsVars.CommandChannel.id}",
          "color": "0022FF",
          "title": "Help Menu ",
          "url": "",
          "authorname": "MaximalGen",
          "authorimageurl": "",
          "authorlink": "",
          "description": "This is the Help menu\n",
          "thumbnail": "",
          "image": "",
          "footer": "${dbsVars.CommandAuthor.displayName}",
          "timestamp": "BOOL_TRUE@@",
          "savetovariable": "",
          "savetovariabletype": "temp"
        }
      ]
    },
    {
      "name": "info",
      "actions": [
        {
          "name": "info_answer",
          "category": "Message",
          "type": "Send Embed",
          "channelname": "${dbsVars.CommandChannel.id}",
          "color": "B3FF00",
          "title": "Info",
          "url": "",
          "authorname": "MaximalGen",
          "authorimageurl": "${dbsVars.CommandAuthor.user.avatarURL}",
          "authorlink": "https://discord.gg/nqQxffjurC",
          "description": "\nSupport Server: https://discord.gg/nqQxffjurC",
          "thumbnail": "",
          "image": "",
          "footer": "${dbsVars.CommandAuthor.displayName}",
          "timestamp": "BOOL_TRUE@@",
          "savetovariable": "",
          "savetovariabletype": "temp"
        }
      ]
    },
    {
      "name": "ping",
      "actions": [
        {
          "name": "ping2.0",
          "category": "Message",
          "type": "Better Ping",
          "a1": "Calculating Ping.....",
          "a2": "",
          "title": "Ping",
          "color": "00FF47",
          "description": "Pong, my ping is $$ping$$, the Ping from Discord is $$dcping$$"
        }
      ]
    },
    {
      "name": "setup",
      "actions": []
    },
    {
      "name": "nuke",
      "actions": []
    },
    {
      "name": "setwelcome",
      "actions": [
        {
          "name": "welcome_check",
          "category": "User Action",
          "type": "Check User Permissions",
          "trueActions": [
            {
              "name": "welcome_var",
              "category": "Variable",
              "type": "Store Value in Variable",
              "varname": "welcomechannel",
              "vartype": "Text",
              "savevartype": "server",
              "param": "1"
            },
            {
              "name": "welcome_success",
              "category": "Message",
              "type": "Send Message",
              "channelname": "${dbsVars.CommandChannel.id}",
              "messagetext": "Successfully set the welcome channel to ${serverVars.welcomechannel}",
              "savetovariable": "",
              "savetovariabletype": "temp"
            }
          ],
          "falseActions": [
            {
              "name": "fial",
              "category": "Message",
              "type": "Send Message",
              "channelname": "${dbsVars.CommandChannel.id}",
              "messagetext": "You need to have admin perms to use this command!",
              "savetovariable": "",
              "savetovariabletype": "temp"
            }
          ],
          "user": "${dbsVars.CommandAuthor.id}",
          "permissions": [
            "ADMINISTRATOR"
          ]
        }
      ]
    },
    {
      "name": "banid",
      "actions": [
        {
          "name": "ban_check",
          "category": "User Action",
          "type": "Check User Permissions",
          "trueActions": [
            {
              "name": "user",
              "category": "Variable",
              "type": "Store Value in Variable",
              "varname": "user",
              "vartype": "Text",
              "savevartype": "temp",
              "param": "1"
            },
            {
              "name": "reason",
              "category": "Variable",
              "type": "Store Value in Variable",
              "varname": "reason",
              "vartype": "Text",
              "savevartype": "temp",
              "param": "2"
            },
            {
              "name": "ban_user",
              "category": "User Action",
              "type": "Ban User",
              "user": "${tempVars.user}",
              "reason": "${tempVars.reason}",
              "days": ""
            },
            {
              "name": "Successfullyban",
              "category": "Message",
              "type": "Send Embed",
              "channelname": "${dbsVars.CommandChannel.id}",
              "color": "00FF11",
              "title": "Ban",
              "url": "",
              "authorname": "MaximalGen",
              "authorimageurl": "",
              "authorlink": "",
              "description": "Successfully banned <@${tempVars.user}> cause ${tempVars.reason} ! ",
              "thumbnail": "",
              "image": "",
              "footer": "${dbsVars.CommandAuthor.displayName}",
              "timestamp": "BOOL_TRUE@@",
              "savetovariable": "",
              "savetovariabletype": "temp"
            }
          ],
          "falseActions": [
            {
              "name": "ban_fail",
              "category": "Message",
              "type": "Send Embed",
              "channelname": "${dbsVars.CommandChannel.id}",
              "color": "FF0000",
              "title": "Error",
              "url": "",
              "authorname": "MaximalGen",
              "authorimageurl": "",
              "authorlink": "",
              "description": "You dont have the permissions to use this Command",
              "thumbnail": "",
              "image": "",
              "footer": "${dbsVars.CommandAuthor.displayName}",
              "timestamp": "BOOL_TRUE@@",
              "savetovariable": "",
              "savetovariabletype": "temp"
            }
          ],
          "user": "${dbsVars.CommandAuthor.id}",
          "permissions": [
            "BAN_MEMBERS"
          ]
        }
      ]
    },
    {
      "name": "kickid",
      "actions": [
        {
          "name": "kick_check",
          "category": "User Action",
          "type": "Check User Permissions",
          "trueActions": [
            {
              "name": "user_kick",
              "category": "Variable",
              "type": "Store Value in Variable",
              "varname": "user_kick",
              "vartype": "Text",
              "savevartype": "temp",
              "param": "1"
            },
            {
              "name": "reason_kick",
              "category": "Variable",
              "type": "Store Value in Variable",
              "varname": "reson_kick",
              "vartype": "Text",
              "savevartype": "temp",
              "param": "2"
            },
            {
              "name": "kick_action",
              "category": "User Action",
              "type": "Kick User",
              "user": "${tempVars.user_kick}",
              "reason": "${tempVars.reson_kick}"
            },
            {
              "name": "kikc_success",
              "category": "Message",
              "type": "Send Embed",
              "channelname": "${dbsVars.CommandChannel.id}",
              "color": "4DFF00",
              "title": "Kick",
              "url": "",
              "authorname": "MaximalGen",
              "authorimageurl": "",
              "authorlink": "",
              "description": "Successfully kicked ${tempVars.user_kick} cause ${tempVars.reson_kick}",
              "thumbnail": "",
              "image": "",
              "footer": "${dbsVars.CommandAuthor.displayName}",
              "timestamp": "BOOL_TRUE@@",
              "savetovariable": "",
              "savetovariabletype": "temp"
            }
          ],
          "falseActions": [
            {
              "name": "ban_fail_1_1",
              "category": "Message",
              "type": "Send Embed",
              "channelname": "${dbsVars.CommandChannel.id}",
              "color": "FF0000",
              "title": "Error",
              "url": "",
              "authorname": "MaximalGen",
              "authorimageurl": "",
              "authorlink": "",
              "description": "You dont have the permissions to use this Command",
              "thumbnail": "",
              "image": "",
              "footer": "${dbsVars.CommandAuthor.displayName}",
              "timestamp": "BOOL_TRUE@@",
              "savetovariable": "",
              "savetovariabletype": "temp"
            }
          ],
          "user": "${dbsVars.CommandAuthor.id}",
          "permissions": [
            "KICK_MEMBERS"
          ]
        }
      ]
    },
    {
      "name": "dnd",
      "actions": []
    },
    {
      "name": "reset",
      "actions": [
        {
          "name": "status_test_check_1",
          "category": "User Data",
          "type": "Check User Data",
          "trueActions": [
            {
              "name": "activity_1",
              "category": "Bot Action",
              "type": "Set Bot Activity",
              "activityname": "nothing",
              "activitytype": "WATCHING",
              "streamurl": ""
            },
            {
              "name": "status_usccess_1",
              "category": "Message",
              "type": "Send Embed",
              "channelname": "${dbsVars.CommandAuthor.user.dmChannel}",
              "color": "4DFF00",
              "title": "Status",
              "url": "",
              "authorname": "MaximalGen",
              "authorimageurl": "",
              "authorlink": "",
              "description": "Successfully reseted the Status",
              "thumbnail": "",
              "image": "",
              "footer": "${dbsVars.CommandAuthor.displayName}",
              "timestamp": "BOOL_TRUE@@",
              "savetovariable": "",
              "savetovariabletype": "temp"
            }
          ],
          "falseActions": [
            {
              "name": "status_check_fail_1",
              "category": "Message",
              "type": "Send Embed",
              "channelname": "${dbsVars.CommandAuthor.user.dmChannel}",
              "color": "FF0000",
              "title": "Error",
              "url": "",
              "authorname": "MaximalGen",
              "authorimageurl": "",
              "authorlink": "",
              "description": "You cant use this Command, its only for my Creator, but nice, you found out this command, DM my Creator to claim a reward. \nWrite m.info to see who my creator is.",
              "thumbnail": "${dbsVars.CommandAuthor.user.avatarURL}",
              "image": "",
              "footer": "${dbsVars.CommandAuthor.displayName}",
              "timestamp": "BOOL_TRUE@@",
              "savetovariable": "",
              "savetovariabletype": "temp"
            }
          ],
          "user": "${dbsVars.CommandAuthor.id}",
          "field": "id",
          "compare": "equal to",
          "value": "735606420829110292"
        }
      ]
    },
    {
      "name": "mute",
      "actions": [
        {
          "name": "mute_check",
          "category": "User Action",
          "type": "Check User Permissions",
          "trueActions": [
            {
              "name": "mute_user",
              "category": "Variable",
              "type": "Store Value in Variable",
              "varname": "mute_user",
              "vartype": "Text",
              "savevartype": "temp",
              "param": "1"
            },
            {
              "name": "mute_reason",
              "category": "Variable",
              "type": "Store Value in Variable",
              "varname": "mute_reason",
              "vartype": "Text",
              "savevartype": "temp",
              "param": "2"
            },
            {
              "name": "mute_action",
              "category": "User Action",
              "type": "Add Role to User",
              "user": "${tempVars.mute_user}",
              "rolename": "${serverVars.mute_role}"
            },
            {
              "name": "mute_success",
              "category": "Message",
              "type": "Send Embed",
              "channelname": "${dbsVars.CommandChannel.id}",
              "color": "2BFF00",
              "title": "Mute ",
              "url": "",
              "authorname": "MaximalGen",
              "authorimageurl": "",
              "authorlink": "",
              "description": "You successfully muted ${tempVars.mute_user}!",
              "thumbnail": "${dbsVars.CommandAuthor.user.avatarURL}",
              "image": "",
              "footer": "${dbsVars.CommandAuthor.displayName}",
              "timestamp": "BOOL_TRUE@@",
              "savetovariable": "",
              "savetovariabletype": "temp"
            }
          ],
          "falseActions": [
            {
              "name": "mute_fail",
              "category": "Message",
              "type": "Send Embed",
              "channelname": "${dbsVars.CommandChannel.id}",
              "color": "FF0000",
              "title": "Error ",
              "url": "",
              "authorname": "MaximalGen",
              "authorimageurl": "",
              "authorlink": "",
              "description": "You dont have the permissions to mute this member",
              "thumbnail": "${dbsVars.CommandAuthor.user.avatarURL}",
              "image": "",
              "footer": "${dbsVars.CommandAuthor.displayName}",
              "timestamp": "BOOL_TRUE@@",
              "savetovariable": "",
              "savetovariabletype": "temp"
            }
          ],
          "user": "${dbsVars.CommandAuthor.id}",
          "permissions": [
            "ADMINISTRATOR"
          ]
        }
      ]
    },
    {
      "name": "ticket",
      "actions": [
        {
          "name": "ticketpanel_check",
          "category": "User Action",
          "type": "Check User Permissions",
          "trueActions": [
            {
              "name": "ticket_channel:1",
              "category": "Channel Action",
              "type": "Ticket Mod",
              "embed__clr": "#ff0000",
              "embed__tit": "Support",
              "embed__url": "",
              "embed__an": "MaximalBot",
              "embed__ai": "",
              "embed__al": "",
              "embed__des": "If you need help react with ✅",
              "embed__thumb": "",
              "embed__img": "",
              "embed__footer": "support by MaximalBox",
              "embed__emoji": "✅",
              "namet": "ticket",
              "catogory": "${serverVars.ticket channel}",
              "roleids": "${serverVars.ticket role}",
              "timedelete": "1000000",
              "var_name": "",
              "selection": "temp"
            }
          ],
          "falseActions": [
            {
              "name": "ticketpanel_fail",
              "category": "Message",
              "type": "Send Embed",
              "channelname": "${dbsVars.CommandChannel.id}",
              "color": "FF0000",
              "title": "Error",
              "url": "",
              "authorname": "MaximalBot",
              "authorimageurl": "",
              "authorlink": "",
              "description": "You cant use this command, you need the admin permission!",
              "thumbnail": "",
              "image": "",
              "footer": "${dbsVars.CommandAuthor.displayName}",
              "timestamp": "BOOL_TRUE@@",
              "savetovariable": "",
              "savetovariabletype": "temp"
            }
          ],
          "user": "${dbsVars.CommandAuthor.id}",
          "permissions": [
            "ADMINISTRATOR"
          ]
        }
      ]
    },
    {
      "name": "tclose",
      "actions": [
        {
          "name": "ticketpanel_check_1_1_1",
          "category": "User Action",
          "type": "Check User Permissions",
          "trueActions": [
            {
              "name": "ticket_close",
              "category": "Channel Action",
              "type": "Delete Channel",
              "channelname": "${dbsVars.CommandChannel.id}",
              "reason": "Ticket Close"
            }
          ],
          "falseActions": [
            {
              "name": "ticketpanel_fail_1_1_1",
              "category": "Message",
              "type": "Send Embed",
              "channelname": "${dbsVars.CommandChannel.id}",
              "color": "FF0000",
              "title": "Error",
              "url": "",
              "authorname": "MaximalBot",
              "authorimageurl": "",
              "authorlink": "",
              "description": "You cant use this command, you need the admin permission!",
              "thumbnail": "",
              "image": "",
              "footer": "${dbsVars.CommandAuthor.displayName}",
              "timestamp": "BOOL_TRUE@@",
              "savetovariable": "",
              "savetovariabletype": "temp"
            }
          ],
          "user": "${dbsVars.CommandAuthor.id}",
          "permissions": [
            "ADMINISTRATOR"
          ]
        }
      ]
    },
    {
      "name": "tcategory",
      "actions": [
        {
          "name": "ticketpanel_check_1_1",
          "category": "User Action",
          "type": "Check User Permissions",
          "trueActions": [
            {
              "name": "tickerolevar_1",
              "category": "Variable",
              "type": "Store Value in Variable",
              "varname": "ticket channel",
              "vartype": "Text",
              "savevartype": "server",
              "param": "1"
            },
            {
              "name": "tickerole success_1",
              "category": "Message",
              "type": "Send Embed",
              "channelname": "${dbsVars.CommandChannel.id}",
              "color": "66FF00",
              "title": "Ticket Role",
              "url": "",
              "authorname": "MaximalBot",
              "authorimageurl": "",
              "authorlink": "",
              "description": "<#${serverVars.ticket channel}> is now the ticket role, this role have access now",
              "thumbnail": "",
              "image": "",
              "footer": "${dbsVars.CommandAuthor.displayName}",
              "timestamp": "BOOL_TRUE@@",
              "savetovariable": "",
              "savetovariabletype": "temp"
            }
          ],
          "falseActions": [
            {
              "name": "ticketpanel_fail_1_1",
              "category": "Message",
              "type": "Send Embed",
              "channelname": "${dbsVars.CommandChannel.id}",
              "color": "FF0000",
              "title": "Error",
              "url": "",
              "authorname": "MaximalBot",
              "authorimageurl": "",
              "authorlink": "",
              "description": "You cant use this command, you need the admin permission!",
              "thumbnail": "",
              "image": "",
              "footer": "${dbsVars.CommandAuthor.displayName}",
              "timestamp": "BOOL_TRUE@@",
              "savetovariable": "",
              "savetovariabletype": "temp"
            }
          ],
          "user": "${dbsVars.CommandAuthor.id}",
          "permissions": [
            "ADMINISTRATOR"
          ]
        }
      ]
    },
    {
      "name": "trole",
      "actions": [
        {
          "name": "ticketpanel_check_1",
          "category": "User Action",
          "type": "Check User Permissions",
          "trueActions": [
            {
              "name": "tickerolevar",
              "category": "Variable",
              "type": "Store Value in Variable",
              "varname": "ticket role",
              "vartype": "Text",
              "savevartype": "server",
              "param": "1"
            },
            {
              "name": "tickerole success",
              "category": "Message",
              "type": "Send Embed",
              "channelname": "${dbsVars.CommandChannel.id}",
              "color": "66FF00",
              "title": "Ticket Role",
              "url": "",
              "authorname": "MaximalBot",
              "authorimageurl": "",
              "authorlink": "",
              "description": "<@${serverVars.ticket role}> is now the ticket role, this role have access now",
              "thumbnail": "",
              "image": "",
              "footer": "${dbsVars.CommandAuthor.displayName}",
              "timestamp": "BOOL_TRUE@@",
              "savetovariable": "",
              "savetovariabletype": "temp"
            }
          ],
          "falseActions": [
            {
              "name": "ticketpanel_fail_1",
              "category": "Message",
              "type": "Send Embed",
              "channelname": "${dbsVars.CommandChannel.id}",
              "color": "FF0000",
              "title": "Error",
              "url": "",
              "authorname": "MaximalBot",
              "authorimageurl": "",
              "authorlink": "",
              "description": "You cant use this command, you need the admin permission!",
              "thumbnail": "",
              "image": "",
              "footer": "${dbsVars.CommandAuthor.displayName}",
              "timestamp": "BOOL_TRUE@@",
              "savetovariable": "",
              "savetovariabletype": "temp"
            }
          ],
          "user": "${dbsVars.CommandAuthor.id}",
          "permissions": [
            "ADMINISTRATOR"
          ]
        }
      ]
    },
    {
      "name": "clear",
      "actions": [
        {
          "name": "howmuchmessages",
          "category": "Variable",
          "type": "Store Value in Variable",
          "varname": "howmichmessages",
          "vartype": "Number",
          "savevartype": "temp",
          "param": "1"
        },
        {
          "name": "clear_action",
          "category": "Channel Action",
          "type": "Delete All Messages",
          "channelname": "${dbsVars.CommandChannel.id}",
          "msgcount": "${tempVars.howmichmessages}"
        },
        {
          "name": "CLEAR SCUEESS",
          "category": "Message",
          "type": "Send Embed",
          "channelname": "${dbsVars.CommandChannel.id}",
          "color": "41FF0F",
          "title": "Clean",
          "url": "",
          "authorname": "MaximalBot",
          "authorimageurl": "",
          "authorlink": "",
          "description": "Successfully cleaned ${tempVars.howmichmessages} Messages",
          "thumbnail": "",
          "image": "",
          "footer": "${dbsVars.CommandAuthor.displayName}",
          "timestamp": "BOOL_TRUE@@",
          "savetovariable": "",
          "savetovariabletype": "temp"
        }
      ]
    },
    {
      "name": "online",
      "actions": [
        {
          "name": "status_test_check_2",
          "category": "User Data",
          "type": "Check User Data",
          "trueActions": [
            {
              "name": "test",
              "category": "Bot Action",
              "type": "More Status",
              "statusoption": "WATCHING",
              "statustext": "$$Members$$ Users | $$Servers$$ Servers"
            },
            {
              "name": "status_lol",
              "category": "Message",
              "type": "Send Embed",
              "channelname": "${dbsVars.CommandAuthor.user.dmChannel}",
              "color": "00FF33",
              "title": "Status",
              "url": "",
              "authorname": "Maximalot",
              "authorimageurl": "",
              "authorlink": "",
              "description": "Successfully changed the Status",
              "thumbnail": "",
              "image": "",
              "footer": "${dbsVars.CommandAuthor.displayName}",
              "timestamp": "BOOL_TRUE@@",
              "savetovariable": "",
              "savetovariabletype": "temp"
            }
          ],
          "falseActions": [
            {
              "name": "status.fail",
              "category": "Message",
              "type": "Send Message",
              "channelname": "${dbsVars.CommandAuthor.user.dmChannel}",
              "messagetext": "You cant use this Command, this Command is for my Creator only",
              "savetovariable": "",
              "savetovariabletype": "temp"
            }
          ],
          "user": "${dbsVars.CommandAuthor.id}",
          "field": "id",
          "compare": "equal to",
          "value": "735606420829110292"
        }
      ]
    }
  ]
}