{
  "command": [
    {
      "name": "User Joins Server",
      "perms": [],
      "actions": [
        {
          "name": "join-log",
          "category": "Message",
          "type": "Send Embed",
          "channelname": "829625512137588797",
          "color": "9EFF03",
          "title": "User joined",
          "url": "",
          "authorname": "MaximalBot",
          "authorimageurl": "",
          "authorlink": "",
          "description": "User joined this server!",
          "thumbnail": "",
          "image": "",
          "footer": "MaximalBot",
          "timestamp": "BOOL_TRUE@@",
          "savetovariable": "",
          "savetovariabletype": "temp"
        }
      ],
      "var": {
        "user": "newuser"
      }
    },
    {
      "name": "Any Message",
      "perms": [],
      "actions": [],
      "var": {
        "user": "msguser"
      }
    },
    {
      "name": "User Kicked",
      "perms": [],
      "actions": [
        {
          "name": "log_kick",
          "category": "Message",
          "type": "Send Embed",
          "channelname": "${tempVars.kickuser.user.dmChannel}",
          "color": "FF0505",
          "title": "Kick",
          "url": "",
          "authorname": "MaximalGen",
          "authorimageurl": "",
          "authorlink": "",
          "description": "You got kicked.... \n",
          "thumbnail": "",
          "image": "",
          "footer": "${tempVars.kickuser.displayName}",
          "timestamp": "BOOL_TRUE@@",
          "savetovariable": "",
          "savetovariabletype": "temp"
        }
      ],
      "var": {
        "user": "kickuser"
      }
    },
    {
      "name": "User Banned",
      "perms": [],
      "actions": [
        {
          "name": "log_kick_1",
          "category": "Message",
          "type": "Send Embed",
          "channelname": "${tempVars.banuser.user.dmChannel}",
          "color": "FF0505",
          "title": "Ban",
          "url": "",
          "authorname": "MaximalGen",
          "authorimageurl": "",
          "authorlink": "",
          "description": "You got banned.... You can add me as a friend to make a ban appeal: ${dbsVars.guild.owner}. \n",
          "thumbnail": "",
          "image": "",
          "footer": "${tempVars.banuser.displayName}",
          "timestamp": "BOOL_TRUE@@",
          "savetovariable": "",
          "savetovariabletype": "temp"
        }
      ],
      "var": {
        "user": "banuser"
      }
    },
    {
      "name": "Bot Initialization",
      "perms": [],
      "actions": [],
      "var": {}
    }
  ]
}